experiment_id,run_iteration,gen,total_episodes,score,lr,batch_size,gamma,epsilon,Max Iteration Episode,Iteration time
mu09_01,1,1,80,21.5,0.00837,561,0.861,0.2386,,
mu09_01,1,2,160,157.9,0.00641,678,0.802,0.9855,,
mu09_01,1,3,240,500,0.00519,75,0.994,0.579,,
mu09_01,1,,,,,,,,240,65
mu09_02,1,1,80,34.7,0.00076,32,0.946,0.0416,,
mu09_02,1,2,160,24.4,0.00076,32,0.946,0.0416,,
mu09_02,1,3,240,289.2,0.00595,655,0.88,0.1225,,
mu09_02,1,4,320,388.5,0.0029,989,0.947,0.5348,,
mu09_02,1,5,400,500,0.0029,989,0.947,0.5348,,
mu09_02,1,,,,,,,,400,248
mu09_03,1,1,80,26.3,0.00539,689,0.916,0.6808,,
mu09_03,1,2,160,242.6,0.00096,72,0.965,0.7915,,
mu09_03,1,3,240,229.4,0.00096,612,0.833,0.0105,,
mu09_03,1,4,320,500,0.00504,86,0.84,0.0605,,
mu09_03,1,,,,,,,,320,221
mu09_01,2,1,80,10.3,0.0013,40,0.868,0.9873,,
mu09_01,2,2,160,55.8,0.0013,40,0.868,0.9873,,
mu09_01,2,3,240,185.3,0.00666,807,0.986,0.8956,,
mu09_01,2,4,320,363.2,0.00145,948,0.895,0.8628,,
mu09_01,2,5,400,365.5,0.00145,948,0.895,0.8628,,
mu09_01,2,6,480,341.8,0.00745,389,0.961,0.0838,,
mu09_01,2,7,560,233.3,0.0097,694,0.953,0.5559,,
mu09_01,2,8,640,500,0.0097,694,0.953,0.5559,,
mu09_01,2,,,,,,,,640,326
mu09_03,2,1,80,32.1,0.00713,101,0.94,0.5632,,
mu09_03,2,2,160,28.5,0.00713,101,0.94,0.5632,,
mu09_03,2,3,240,102.7,0.00437,479,0.859,0.2062,,
mu09_03,2,4,320,500,0.00207,162,0.851,0.8438,,
mu09_03,2,,,,,,,,320,146
mu09_02,2,1,80,11.6,0.00397,799,0.972,0.8249,,
mu09_02,2,2,160,13,0.00467,56,0.906,0.4657,,
mu09_02,2,3,240,66.8,0.00958,719,0.937,0.936,,
mu09_02,2,4,320,173.2,0.00232,130,0.864,0.6436,,
mu09_02,2,5,400,205,0.00158,713,0.875,0.947,,
mu09_02,2,6,480,360.5,0.00201,538,0.975,0.0805,,
mu09_02,2,7,560,500,0.0055,1023,0.99,0.4227,,
mu09_02,2,,,,,,,,560,349
mu09_01,3,1,80,18.9,0.00309,369,0.88,0.5386,,
mu09_01,3,2,160,28.9,0.00183,774,0.9,0.1934,,
mu09_01,3,3,240,414.2,0.00688,729,0.836,0.5986,,
mu09_01,3,4,320,375.5,0.00034,866,0.862,0.6395,,
mu09_01,3,5,400,457.9,0.00961,877,0.833,0.9869,,
mu09_01,3,6,480,500,0.00034,866,0.862,0.6395,,
mu09_01,3,,,,,,,,480,343
mu09_03,3,1,80,30.7,0.00936,567,0.891,0.1241,,
mu09_03,3,2,160,14.5,0.00207,382,0.878,0.2423,,
mu09_03,3,3,240,196.9,0.00862,647,0.892,0.535,,
mu09_03,3,4,320,222.2,0.00083,305,0.957,0.3529,,
mu09_03,3,5,400,253.3,0.00083,576,0.972,0.7491,,
mu09_03,3,6,480,338.6,0.00027,247,0.876,0.4719,,
mu09_03,3,7,560,323,0.00027,247,0.876,0.4719,,
mu09_03,3,8,640,500,0.00273,49,0.823,0.7679,,
mu09_03,3,,,,,,,,640,399
mu09_01,4,1,80,19.7,0.00508,120,0.837,0.7204,,
mu09_01,4,2,160,51,0.00424,496,0.937,0.5721,,
mu09_01,4,3,240,422.8,0.0059,33,0.968,0.3255,,
mu09_01,4,4,320,417.1,0.00754,263,0.912,0.5305,,
mu09_01,4,5,400,500,0.00322,39,0.902,0.7752,,
mu09_01,4,,,,,,,,400,235
mu09_02,3,1,80,26.9,0.0076,774,0.916,0.8445,,
mu09_02,3,2,160,58.3,0.0076,774,0.916,0.8445,,
mu09_02,3,3,240,191.4,0.00963,204,0.886,0.264,,
mu09_02,3,4,320,283.5,0.00437,770,0.962,0.3175,,
mu09_02,3,5,400,301.4,0.00272,76,0.838,0.8635,,
mu09_02,3,6,480,414,0.00217,913,0.916,0.863,,
mu09_02,3,7,560,500,0.00937,326,0.988,0.0553,,
mu09_02,3,,,,,,,,560,442
mu09_03,4,1,80,44.3,0.00808,214,0.817,0.8071,,
mu09_03,4,2,160,269.6,0.00808,214,0.817,0.8071,,
mu09_03,4,3,240,482.8,0.00331,665,0.954,0.0625,,
mu09_03,4,4,320,334.9,0.00114,457,0.81,0.5873,,
mu09_03,4,5,400,500,0.00757,549,0.954,0.951,,
mu09_03,4,,,,,,,,400,297
mu09_01,5,1,80,18.5,0.00327,181,0.923,0.4467,,
mu09_01,5,2,160,70.2,0.0079,364,0.983,0.9617,,
mu09_01,5,3,240,321.2,0.00434,72,0.981,0.988,,
mu09_01,5,4,320,500,0.00527,338,0.975,0.7173,,
mu09_01,5,,,,,,,,320,141
mu09_02,4,1,80,12.7,0.00431,407,0.856,0.5642,,
mu09_02,4,2,160,32,0.00431,407,0.856,0.5642,,
mu09_02,4,3,240,500,0.00431,407,0.856,0.5642,,
mu09_02,4,,,,,,,,240,83
mu09_01,6,1,80,10.5,0.00778,946,0.98,0.1826,,
mu09_01,6,2,160,30.2,0.00545,439,0.855,0.8347,,
mu09_01,6,3,240,500,0.00609,197,0.842,0.1,,
mu09_01,6,,,,,,,,240,99
mu09_02,5,1,80,13.4,0.00919,698,0.808,0.6042,,
mu09_02,5,2,160,75.3,0.00141,41,0.958,0.6914,,
mu09_02,5,3,240,500,0.00141,41,0.958,0.6914,,
mu09_02,5,,,,,,,,240,98
mu09_03,5,1,80,16.3,0.00148,110,0.813,0.4493,,
mu09_03,5,2,160,67.8,0.00153,156,0.849,0.6285,,
mu09_03,5,3,240,149.8,0.00153,156,0.849,0.6285,,
mu09_03,5,4,320,264.2,0.00031,889,0.899,0.7403,,
mu09_03,5,5,400,500,0.00864,42,0.885,0.5825,,
mu09_03,5,,,,,,,,400,208
mu09_02,6,1,80,13,0.00819,166,0.91,0.1537,,
mu09_02,6,2,160,44.2,0.00374,663,0.869,0.6698,,
mu09_02,6,3,240,331.2,0.0012,249,0.992,0.5187,,
mu09_02,6,4,320,500,0.00163,920,0.979,0.8067,,
mu09_02,6,,,,,,,,320,213
mu09_03,6,1,80,10,0.0058,778,0.857,0.5387,,
mu09_03,6,2,160,18.8,0.00857,228,0.919,0.7063,,
mu09_03,6,3,240,169,0.00857,228,0.919,0.7063,,
mu09_03,6,4,320,500,0.00264,989,0.972,0.9071,,
mu09_03,6,,,,,,,,320,170
mu09_01,7,1,80,12.4,0.00863,296,0.931,0.6223,,
mu09_01,7,2,160,76.7,0.00784,901,0.987,0.9951,,
mu09_01,7,3,240,243.3,0.00128,903,0.923,0.6387,,
mu09_01,7,4,320,248.7,0.00531,217,0.983,0.4354,,
mu09_01,7,5,400,317.1,0.00766,733,0.851,0.9191,,
mu09_01,7,6,480,302,0.00766,733,0.851,0.9191,,
mu09_01,7,7,560,345.9,0.00876,800,0.879,0.2667,,
mu09_01,7,8,640,292.5,0.00883,773,0.841,0.6014,,
mu09_01,7,9,720,500,0.00691,885,0.907,0.9989,,
mu09_01,7,,,,,,,,720,471
mu09_02,7,1,80,15.7,0.00575,724,0.843,0.1423,,
mu09_02,7,2,160,51.3,0.00538,65,0.808,0.6286,,
mu09_02,7,3,240,113.7,0.00516,1021,0.857,0.3598,,
mu09_02,7,4,320,242.6,0.00051,868,0.959,0.2891,,
mu09_02,7,5,400,500,0.00039,63,0.893,0.457,,
mu09_02,7,,,,,,,,400,244
mu09_02,8,1,80,49.8,0.00792,882,0.895,0.4741,,
mu09_02,8,2,160,53.8,0.00801,285,0.87,0.665,,
mu09_02,8,3,240,500,0.00998,909,0.82,0.378,,
mu09_02,8,,,,,,,,240,75
mu09_03,7,1,80,23.5,0.0036,785,0.931,0.4837,,
mu09_03,7,2,160,22.2,0.00642,986,0.878,0.8184,,
mu09_03,7,3,240,50.7,0.00549,443,0.935,0.7818,,
mu09_03,7,4,320,461.4,0.00263,994,0.947,0.5976,,
mu09_03,7,5,400,176.1,0.00498,897,0.966,0.5389,,
mu09_03,7,6,480,500,0.00248,762,0.922,0.1783,,
mu09_03,7,,,,,,,,480,318
mu09_02,9,1,80,17.3,0.00895,697,0.903,0.0848,,
mu09_02,9,2,160,121.7,0.00681,217,0.9,0.9634,,
mu09_02,9,3,240,227.2,0.00626,804,0.806,0.0191,,
mu09_02,9,4,320,500,0.00078,682,0.876,0.7028,,
mu09_02,9,,,,,,,,320,193
mu09_03,8,1,80,21.6,0.00498,510,0.832,0.2704,,
mu09_03,8,2,160,84.4,0.00319,983,0.927,0.999,,
mu09_03,8,3,240,238,0.00122,16,0.806,0.6304,,
mu09_03,8,4,320,269.5,0.00681,527,0.908,0.7805,,
mu09_03,8,5,400,500,0.00602,50,0.985,0.7803,,
mu09_03,8,,,,,,,,400,204
mu09_01,8,1,80,11.4,0.00296,794,0.897,0.4955,,
mu09_01,8,2,160,23,0.0085,395,0.877,0.4612,,
mu09_01,8,3,240,272.1,0.00625,879,0.862,0.7857,,
mu09_01,8,4,320,228.9,0.00186,212,0.97,0.1284,,
mu09_01,8,5,400,222.7,0.00543,310,0.987,0.9936,,
mu09_01,8,6,480,196.5,0.00288,355,0.816,0.9615,,
mu09_01,8,7,560,130,0.00279,699,0.839,0.6076,,
mu09_01,8,8,640,143.8,0.00279,699,0.839,0.6076,,
mu09_01,8,9,720,256.9,0.00089,259,0.962,0.1363,,
mu09_01,8,10,800,223.4,0.00432,70,0.955,0.1113,,
mu09_01,8,11,880,214.9,0.00011,893,0.938,0.6557,,
mu09_01,8,12,960,213.5,0.00047,494,0.977,0.5676,,
mu09_01,8,13,1040,132.2,0.00432,868,0.964,0.9567,,
mu09_01,8,14,1120,262.3,0.00018,456,0.992,0.9684,,
mu09_01,8,15,1200,197.7,0.00788,925,0.804,0.8648,,
mu09_01,8,16,1280,138.1,0.00429,855,0.955,0.7662,,
mu09_01,8,17,1360,227.3,0.00268,79,0.983,0.979,,
mu09_01,8,18,1440,167.7,0.00384,241,0.951,0.9566,,
mu09_01,8,19,1520,193.4,0.00018,456,0.992,0.9684,,
mu09_01,8,20,1600,215.6,0.00018,456,0.992,0.9684,,
mu09_01,8,21,1680,195.4,0.00688,1006,0.993,0.8298,,
mu09_01,8,22,1760,193.7,0.00047,896,0.972,1,,
mu09_01,8,23,1840,185.7,0.00084,861,0.981,0.9992,,
mu09_01,8,24,1920,209.5,0.00084,861,0.981,0.9992,,
mu09_01,8,25,2000,274.1,0.00831,893,0.816,0.0547,,
mu09_01,8,26,2080,304.3,0.00011,73,0.959,0.9979,,
mu09_01,8,27,2160,368,0.00011,73,0.959,0.9979,,
mu09_01,8,28,2240,464.2,0.00011,73,0.959,0.9979,,
mu09_01,8,29,2320,374.1,0.00011,73,0.959,0.9979,,
mu09_01,8,30,2400,500,0.00071,65,0.992,0.7606,,
mu09_01,8,,,,,,,,2400,1790
mu09_03,9,1,80,30.4,0.00106,208,0.892,0.0993,,
mu09_03,9,2,160,22.6,0.00106,208,0.892,0.0993,,
mu09_03,9,3,240,112.4,0.00714,948,0.849,0.8415,,
mu09_03,9,4,320,291.8,0.0008,994,0.907,0.6894,,
mu09_03,9,5,400,451.6,0.00646,721,0.959,0.8266,,
mu09_03,9,6,480,317.6,0.00277,1020,0.915,0.0312,,
mu09_03,9,7,560,191.1,0.00425,826,0.938,0.0401,,
mu09_03,9,8,640,215.7,0.00425,826,0.938,0.0401,,
mu09_03,9,9,720,222.1,0.00183,294,0.811,0.6689,,
mu09_03,9,10,800,222.6,0.00154,522,0.811,0.8897,,
mu09_03,9,11,880,233.7,0.00969,1017,0.978,0.9459,,
mu09_03,9,12,960,163.7,0.00602,966,0.973,0.5604,,
mu09_03,9,13,1040,108.2,0.00618,1020,0.907,0.8359,,
mu09_03,9,14,1120,194.8,0.00819,755,0.976,0.525,,
mu09_03,9,15,1200,206.4,0.00188,921,0.99,0.2621,,
mu09_03,9,16,1280,430.9,0.00221,945,0.87,0.7351,,
mu09_03,9,17,1360,365.7,0.00362,981,0.927,0.1171,,
mu09_03,9,18,1440,234.2,0.00221,945,0.87,0.7351,,
mu09_03,9,19,1520,449.2,0.00158,1023,0.998,0.8357,,
mu09_03,9,20,1600,421.4,0.00158,1023,0.998,0.8357,,
mu09_03,9,21,1680,332.8,0.0028,426,0.997,0.9024,,
mu09_03,9,22,1760,500,0.00938,171,0.994,0.4422,,
mu09_03,9,,,,,,,,1760,1485
mu09_03,10,1,80,20.8,0.00482,49,0.91,0.3108,,
mu09_03,10,2,160,500,0.00482,49,0.91,0.3108,,
mu09_03,10,,,,,,,,160,49
mu09_02,10,1,80,20.3,0.00822,814,0.869,0.2081,,
mu09_02,10,2,160,119.9,0.00377,100,0.998,0.6393,,
mu09_02,10,3,240,172.9,0.0068,713,0.866,0.1054,,
mu09_02,10,4,320,312.6,0.00325,226,0.968,0.4904,,
mu09_02,10,5,400,264.1,0.0001,1011,0.804,0.5438,,
mu09_02,10,6,480,460.8,0.00691,42,0.821,0.8631,,
mu09_02,10,7,560,493.4,0.0001,1011,0.804,0.5438,,
mu09_02,10,8,640,194.6,0.00752,41,0.935,0.8533,,
mu09_02,10,9,720,402.6,0.00045,88,0.972,0.9565,,
mu09_02,10,10,800,306.7,0.00045,88,0.972,0.9565,,
mu09_02,10,11,880,410.5,0.00045,88,0.972,0.9565,,
mu09_02,10,12,960,322,0.00045,88,0.972,0.9565,,
mu09_02,10,13,1040,384.4,0.00645,40,0.89,0.8022,,
mu09_02,10,14,1120,157.2,0.00045,88,0.972,0.9565,,
mu09_02,10,15,1200,163.4,0.0002,639,0.995,0.984,,
mu09_02,10,16,1280,158.7,0.0002,639,0.995,0.984,,
mu09_02,10,17,1360,168.4,0.0002,639,0.995,0.984,,
mu09_02,10,18,1440,173.5,0.0002,639,0.995,0.984,,
mu09_02,10,19,1520,168.5,0.0002,639,0.995,0.984,,
mu09_02,10,20,1600,171.6,0.0002,639,0.995,0.984,,
mu09_02,10,21,1680,136.7,0.00212,296,0.991,0.8793,,
mu09_02,10,22,1760,173,0.00167,161,0.992,0.6443,,
mu09_02,10,23,1840,141.3,0.00904,984,0.974,0.7671,,
mu09_02,10,24,1920,184.9,0.00526,620,0.999,0.407,,
mu09_02,10,25,2000,111.5,0.00212,296,0.991,0.8793,,
mu09_02,10,26,2080,239.3,0.00945,187,0.937,0.0125,,
mu09_02,10,27,2160,273.8,0.00945,187,0.937,0.0125,,
mu09_02,10,28,2240,461.9,0.00821,115,0.996,0.2465,,
mu09_02,10,29,2320,500,0.00981,513,0.994,0.5046,,
mu09_02,10,,,,,,,,2320,1626
mu09_01,9,1,80,13.3,0.00656,749,0.901,0.1336,,
mu09_01,9,2,160,12.3,0.00792,605,0.93,0.5374,,
mu09_01,9,3,240,171.2,0.00417,575,0.875,0.7584,,
mu09_01,9,4,320,216.2,0.00944,879,0.826,0.1991,,
mu09_01,9,5,400,240.4,0.00944,879,0.826,0.1991,,
mu09_01,9,6,480,275.1,0.00606,221,0.918,0.7278,,
mu09_01,9,7,560,283.8,0.00798,33,0.984,0.8097,,
mu09_01,9,8,640,264.3,0.00564,834,0.805,0.972,,
mu09_01,9,9,720,280.1,0.00756,761,0.942,0.9543,,
mu09_01,9,10,800,382.4,0.00763,930,0.888,0.6531,,
mu09_01,9,11,880,418.1,0.00763,930,0.888,0.6531,,
mu09_01,9,12,960,162.6,0.00188,881,0.807,0.9622,,
mu09_01,9,13,1040,205.2,0.00723,857,0.863,0.7431,,
mu09_01,9,14,1120,492.1,0.00723,857,0.863,0.7431,,
mu09_01,9,15,1200,409.9,0.00763,930,0.888,0.6531,,
mu09_01,9,16,1280,500,0.00763,930,0.888,0.6531,,
mu09_01,9,,,,,,,,1280,720
mu09_02,11,1,80,11.5,0.00463,217,0.923,0.821,,
mu09_02,11,2,160,174.3,0.00894,302,0.959,0.7407,,
mu09_02,11,3,240,155.6,0.00076,102,0.939,0.6258,,
mu09_02,11,4,320,410,0.00062,85,0.924,0.7915,,
mu09_02,11,5,400,433.8,0.00952,785,0.9,0.732,,
mu09_02,11,6,480,437,0.00062,85,0.924,0.7915,,
mu09_02,11,7,560,387.3,0.00062,85,0.924,0.7915,,
mu09_02,11,8,640,384.3,0.00522,525,0.997,0.6841,,
mu09_02,11,9,720,467.6,0.00249,702,0.945,0.9268,,
mu09_02,11,10,800,485.3,0.00319,43,0.951,0.7582,,
mu09_02,11,11,880,267.8,0.00816,503,0.992,0.6749,,
mu09_02,11,12,960,470.4,0.00136,878,0.915,0.9786,,
mu09_02,11,13,1040,500,0.00019,549,0.947,0.9805,,
mu09_02,11,,,,,,,,1040,724
mu09_01,10,1,80,134.1,0.00114,994,0.978,0.5709,,
mu09_01,10,2,160,50,0.00918,947,0.894,0.6329,,
mu09_01,10,3,240,342.9,0.00991,323,0.949,0.4587,,
mu09_01,10,4,320,334.1,0.00715,298,0.8,0.0421,,
mu09_01,10,5,400,470.9,0.00304,245,0.878,0.2372,,
mu09_01,10,6,480,500,0.0048,1014,0.853,0.9555,,
mu09_01,10,,,,,,,,480,296
mu09_02,12,1,80,27.2,0.00455,807,0.986,0.3266,,
mu09_02,12,2,160,180.9,0.00548,850,0.805,0.3726,,
mu09_02,12,3,240,249,0.00708,857,0.832,0.8331,,
mu09_02,12,4,320,431.5,0.00847,127,0.928,0.9156,,
mu09_02,12,5,400,500,0.00847,127,0.928,0.9156,,
mu09_02,12,,,,,,,,400,236
mu09_02,13,1,80,9.9,0.00576,1014,0.904,0.647,,
mu09_02,13,2,160,21.1,0.00576,1014,0.904,0.647,,
mu09_02,13,3,240,149.4,0.00576,1014,0.904,0.647,,
mu09_02,13,4,320,500,0.00512,404,0.996,0.8808,,
mu09_02,13,,,,,,,,320,126
mu09_02,14,1,80,25.2,0.00773,98,0.953,0.7698,,
mu09_02,14,2,160,117.8,0.00773,98,0.953,0.7698,,
mu09_02,14,3,240,125.8,0.00646,581,0.983,0.9584,,
mu09_02,14,4,320,120.9,0.00053,157,0.939,0.7684,,
mu09_02,14,5,400,145.1,0.00885,923,0.936,0.8572,,
mu09_02,14,6,480,108.1,0.00053,157,0.939,0.7684,,
mu09_02,14,7,560,130.6,0.00571,1018,0.973,0.9187,,
mu09_02,14,8,640,170,0.00043,969,0.923,0.8184,,
mu09_02,14,9,720,118,0.00816,816,0.989,0.2486,,
mu09_02,14,10,800,135.2,0.00201,403,0.924,0.1438,,
mu09_02,14,11,880,118.8,0.0095,234,0.999,0.468,,
mu09_02,14,12,960,181.3,0.0095,234,0.999,0.468,,
mu09_02,14,13,1040,500,0.00282,756,0.957,0.0592,,
mu09_02,14,,,,,,,,1040,589
mu09_03,11,1,80,19.4,0.00342,120,0.91,0.4043,,
mu09_03,11,2,160,40.5,0.00263,1023,0.809,0.7232,,
mu09_03,11,3,240,222.4,0.00391,884,0.813,0.6121,,
mu09_03,11,4,320,171.9,0.00965,59,0.815,0.3736,,
mu09_03,11,5,400,295.6,0.00628,277,0.917,0.5681,,
mu09_03,11,6,480,144.2,0.00724,234,0.898,0.834,,
mu09_03,11,7,560,132.8,0.00912,104,0.942,0.3565,,
mu09_03,11,8,640,138,0.00724,234,0.898,0.834,,
mu09_03,11,9,720,107.9,0.00724,234,0.898,0.834,,
mu09_03,11,10,800,107,0.00939,171,0.882,0.708,,
mu09_03,11,11,880,401.3,0.00365,857,0.909,0.9954,,
mu09_03,11,12,960,211.3,0.00259,750,0.865,0.9256,,
mu09_03,11,13,1040,214.4,0.00143,233,0.943,0.894,,
mu09_03,11,14,1120,170.5,0.00075,962,0.949,0.9553,,
mu09_03,11,15,1200,148,0.00012,282,0.99,0.8576,,
mu09_03,11,16,1280,122.5,0.00012,282,0.99,0.8576,,
mu09_03,11,17,1360,122.5,0.00012,282,0.99,0.8576,,
mu09_03,11,18,1440,264.7,0.00952,983,0.855,0.151,,
mu09_03,11,19,1520,185.6,0.00952,983,0.855,0.151,,
mu09_03,11,20,1600,101.4,0.00994,1002,0.836,0.1265,,
mu09_03,11,21,1680,97.9,0.0072,894,0.833,0.9819,,
mu09_03,11,22,1760,161.5,0.00865,979,0.829,0.883,,
mu09_03,11,23,1840,184.5,0.00706,957,0.867,0.9587,,
mu09_03,11,24,1920,186.6,0.00126,1023,0.979,0.6823,,
mu09_03,11,25,2000,297.4,0.00136,1023,0.983,0.3283,,
mu09_03,11,26,2080,284.4,0.00844,876,0.949,0.0597,,
mu09_03,11,27,2160,245.9,0.00835,980,0.999,0.4335,,
mu09_03,11,28,2240,89,0.00471,981,0.995,0.8907,,
mu09_03,11,29,2320,186.4,0.00471,981,0.995,0.8907,,
mu09_03,11,30,2400,89.9,0.0001,996,0.989,0.8119,,
mu09_03,11,31,2480,244.2,0.00593,792,0.989,0.9837,,
mu09_03,11,32,2560,155.2,0.00364,882,0.998,0.5701,,
mu09_03,11,33,2640,121.8,0.00073,1006,0.986,0.1347,,
mu09_03,11,34,2720,179.5,0.00096,462,0.991,0.5009,,
mu09_03,11,35,2800,226.4,0.00096,462,0.991,0.5009,,
mu09_03,11,36,2880,210.8,0.00014,283,0.999,0.8448,,
mu09_03,11,37,2960,500,0.00096,462,0.991,0.5009,,
mu09_03,11,,,,,,,,2960,1778
mu09_03,12,1,80,20.4,0.00399,288,0.874,0.9918,,
mu09_03,12,2,160,19.2,0.00837,895,0.895,0.7262,,
mu09_03,12,3,240,28.6,0.00781,532,0.82,0.4817,,
mu09_03,12,4,320,500,0.00781,532,0.82,0.4817,,
mu09_03,12,,,,,,,,320,115
mu09_02,15,1,80,38.8,0.00108,899,0.813,0.2657,,
mu09_02,15,2,160,10.7,0.0019,319,0.886,0.0779,,
mu09_02,15,3,240,110.2,0.00476,365,0.868,0.7162,,
mu09_02,15,4,320,416.8,0.00525,603,0.871,0.9031,,
mu09_02,15,5,400,467.5,0.00056,36,0.862,0.9241,,
mu09_02,15,6,480,469.9,0.00671,447,0.974,0.8969,,
mu09_02,15,7,560,352.8,0.00502,145,0.931,0.8384,,
mu09_02,15,8,640,500,0.00056,36,0.862,0.9241,,
mu09_02,15,,,,,,,,640,368
mu09_02,16,1,80,10.7,0.00267,200,0.945,0.377,,
mu09_02,16,2,160,23.4,0.00674,472,0.939,0.4325,,
mu09_02,16,3,240,432.1,0.00517,540,0.818,0.2859,,
mu09_02,16,4,320,500,0.00922,283,0.821,0.7749,,
mu09_02,16,,,,,,,,320,169
mu09_02,17,1,80,23,0.00401,176,0.936,0.3995,,
mu09_02,17,2,160,60.1,0.00613,668,0.91,0.5896,,
mu09_02,17,3,240,255.2,0.00283,699,0.845,0.9725,,
mu09_02,17,4,320,119.3,0.00879,153,0.9,0.7557,,
mu09_02,17,5,400,301.6,0.00034,38,0.81,0.8921,,
mu09_02,17,6,480,259,0.00013,229,0.936,0.4089,,
mu09_02,17,7,560,177.8,0.00013,229,0.936,0.4089,,
mu09_02,17,8,640,195.7,0.00113,959,0.934,0.7773,,
mu09_02,17,9,720,268.5,0.00331,1023,0.969,0.9376,,
mu09_02,17,10,800,194.2,0.00024,930,0.983,0.8844,,
mu09_02,17,11,880,186,0.00024,930,0.983,0.8844,,
mu09_02,17,12,960,500,0.00348,901,0.994,0.5855,,
mu09_02,17,,,,,,,,960,691
mu09_02,18,1,80,21,0.00331,33,0.94,0.3012,,
mu09_02,18,2,160,54.6,0.00514,709,0.85,0.3641,,
mu09_02,18,3,240,500,0.00183,139,0.936,0.8211,,
mu09_02,18,,,,,,,,240,91
mu09_01,11,1,80,22.3,0.00088,149,0.847,0.7429,,
mu09_01,11,2,160,31.5,0.00502,250,0.894,0.8055,,
mu09_01,11,3,240,146,0.00502,250,0.894,0.8055,,
mu09_01,11,4,320,102.6,0.00609,662,0.819,0.5637,,
mu09_01,11,5,400,130.6,0.00729,548,0.988,0.7434,,
mu09_01,11,6,480,145.4,0.00885,971,0.846,0.0272,,
mu09_01,11,7,560,188.8,0.00823,884,0.947,0.1876,,
mu09_01,11,8,640,130.9,0.00049,187,0.829,0.9012,,
mu09_01,11,9,720,143.7,0.00266,1009,0.907,0.0474,,
mu09_01,11,10,800,285.5,0.00783,493,0.999,0.361,,
mu09_01,11,11,880,177.6,0.00381,827,0.853,0.069,,
mu09_01,11,12,960,180.2,0.00626,803,0.811,0.874,,
mu09_01,11,13,1040,188,0.00031,669,0.831,0.9831,,
mu09_01,11,14,1120,168,0.00581,92,0.82,0.9947,,
mu09_01,11,15,1200,119.3,0.00598,931,0.805,0.3767,,
mu09_01,11,16,1280,149.4,0.00598,931,0.805,0.3767,,
mu09_01,11,17,1360,168.1,0.00013,795,0.972,0.8581,,
mu09_01,11,18,1440,198.6,0.00013,795,0.972,0.8581,,
mu09_01,11,19,1520,220,0.0008,674,0.913,0.9446,,
mu09_01,11,20,1600,232.3,0.00134,936,0.962,0.8367,,
mu09_01,11,21,1680,134.6,0.00103,802,0.967,0.996,,
mu09_01,11,22,1760,162,0.00113,899,0.945,0.9695,,
mu09_01,11,23,1840,381.6,0.00123,788,0.893,0.9864,,
mu09_01,11,24,1920,348.9,0.0046,867,0.825,0.9092,,
mu09_01,11,25,2000,262,0.00113,899,0.945,0.9695,,
mu09_01,11,26,2080,314,0.00014,956,0.998,0.9991,,
mu09_01,11,27,2160,288.8,0.00014,956,0.998,0.9991,,
mu09_01,11,28,2240,384.5,0.00014,956,0.998,0.9991,,
mu09_01,11,29,2320,352.1,0.00378,1022,0.999,0.5735,,
mu09_01,11,30,2400,396.6,0.00114,1020,0.906,0.9968,,
mu09_01,11,31,2480,407.8,0.00114,1020,0.906,0.9968,,
mu09_01,11,32,2560,472.9,0.00065,894,0.918,0.9931,,
mu09_01,11,33,2640,430.1,0.00025,709,0.972,0.9878,,
mu09_01,11,34,2720,434.8,0.00024,993,0.992,0.3742,,
mu09_01,11,35,2800,455.4,0.0001,661,0.972,0.1936,,
mu09_01,11,36,2880,500,0.0001,661,0.972,0.1936,,
mu09_01,11,,,,,,,,2880,2107
mu09_01,12,1,80,12.3,0.00101,136,0.807,0.1633,,
mu09_01,12,2,160,77.1,0.00806,155,0.884,0.8012,,
mu09_01,12,3,240,250.6,0.00339,995,0.994,0.9809,,
mu09_01,12,4,320,433.3,0.00051,542,0.968,0.144,,
mu09_01,12,5,400,435.7,0.0021,308,0.955,0.6524,,
mu09_01,12,6,480,500,0.00773,269,0.974,0.8086,,
mu09_01,12,,,,,,,,480,338
mu09_01,13,1,80,26,0.0035,720,0.818,0.1325,,
mu09_01,13,2,160,113.2,0.00359,612,0.925,0.7802,,
mu09_01,13,3,240,198.3,0.00359,612,0.925,0.7802,,
mu09_01,13,4,320,304.2,0.00338,275,0.845,0.2614,,
mu09_01,13,5,400,500,0.00015,250,0.869,0.5372,,
mu09_01,13,,,,,,,,400,218
mu09_01,14,1,80,20.4,0.00551,148,0.902,0.4911,,
mu09_01,14,2,160,13.8,0.00638,259,0.821,0.9999,,
mu09_01,14,3,240,216.1,0.00376,109,0.985,0.3624,,
mu09_01,14,4,320,493,0.00298,636,0.907,0.9046,,
mu09_01,14,5,400,500,0.00417,440,0.933,0.7339,,
mu09_01,14,,,,,,,,400,254
mu09_01,15,1,80,11.5,0.0034,354,0.816,0.1941,,
mu09_01,15,2,160,18.9,0.00213,196,0.814,0.5245,,
mu09_01,15,3,240,113,0.00183,828,0.979,0.365,,
mu09_01,15,4,320,159.8,0.00183,828,0.979,0.365,,
mu09_01,15,5,400,186.4,0.00023,339,0.99,0.9404,,
mu09_01,15,6,480,295.3,0.00256,752,0.994,0.7402,,
mu09_01,15,7,560,250.5,0.00256,752,0.994,0.7402,,
mu09_01,15,8,640,500,0.0036,819,0.84,0.9443,,
mu09_01,15,,,,,,,,640,422
mu09_02,19,1,80,10.3,0.00894,208,0.912,0.5806,,
mu09_02,19,2,160,22.2,0.00532,893,0.839,0.8274,,
mu09_02,19,3,240,97.5,0.00546,114,0.93,0.2243,,
mu09_02,19,4,320,255.5,0.00546,114,0.93,0.2243,,
mu09_02,19,5,400,205.6,0.00156,158,0.999,0.6953,,
mu09_02,19,6,480,201.5,0.00645,454,0.977,0.4239,,
mu09_02,19,7,560,269.8,0.00156,158,0.999,0.6953,,
mu09_02,19,8,640,295.7,0.00475,331,0.986,0.7452,,
mu09_02,19,9,720,200.6,0.0001,532,0.925,0.8284,,
mu09_02,19,10,800,374,0.00068,688,0.99,0.9439,,
mu09_02,19,11,880,358.1,0.00068,688,0.99,0.9439,,
mu09_02,19,12,960,239.5,0.00068,688,0.99,0.9439,,
mu09_02,19,13,1040,200,0.00068,688,0.99,0.9439,,
mu09_02,19,14,1120,153.3,0.00476,409,0.99,0.861,,
mu09_02,19,15,1200,194.2,0.00243,701,0.957,0.553,,
mu09_02,19,16,1280,188.3,0.00243,701,0.957,0.553,,
mu09_02,19,17,1360,187.6,0.00099,600,0.964,0.9429,,
mu09_02,19,18,1440,112.9,0.00613,838,0.977,0.7684,,
mu09_02,19,19,1520,199,0.00834,644,0.989,0.7161,,
mu09_02,19,20,1600,213,0.00952,956,0.977,0.9899,,
mu09_02,19,21,1680,181,0.00013,824,0.994,0.8607,,
mu09_02,19,22,1760,209,0.00032,984,0.935,0.3515,,
mu09_02,19,23,1840,219,0.00138,779,0.936,0.9247,,
mu09_02,19,24,1920,209.2,0.00159,986,0.954,0.8663,,
mu09_02,19,25,2000,220.7,0.00138,779,0.936,0.9247,,
mu09_02,19,26,2080,227.8,0.00274,703,0.968,0.9771,,
mu09_02,19,27,2160,214.1,0.00124,717,0.976,0.8621,,
mu09_02,19,28,2240,219.6,0.00256,894,0.957,0.9999,,
mu09_02,19,29,2320,295.5,0.00968,998,0.999,0.9145,,
mu09_02,19,30,2400,232.8,0.00919,943,0.975,0.1262,,
mu09_02,19,31,2480,345.2,0.00988,297,0.825,0.0867,,
mu09_02,19,32,2560,208.3,0.00012,929,0.969,0.2446,,
mu09_02,19,33,2640,277.1,0.00971,692,0.813,0.037,,
mu09_02,19,34,2720,472.9,0.00233,927,0.985,0.9394,,
mu09_02,19,35,2800,361.2,0.00012,929,0.969,0.2446,,
mu09_02,19,36,2880,500,0.0007,897,0.991,0.8948,,
mu09_02,19,,,,,,,,2880,1895
mu09_02,20,1,80,16.8,0.00336,524,0.802,0.0728,,
mu09_02,20,2,160,26.4,0.00519,942,0.913,0.2255,,
mu09_02,20,3,240,35,0.00128,754,0.963,0.2833,,
mu09_02,20,4,320,163.1,0.00944,700,0.961,0.8371,,
mu09_02,20,5,400,500,0.00571,517,0.973,0.4717,,
mu09_02,20,,,,,,,,400,177
mu09_03,13,1,80,25.9,0.00439,382,0.831,0.6145,,
mu09_03,13,2,160,29.8,0.00275,192,0.977,0.1215,,
mu09_03,13,3,240,200,0.00145,71,0.816,0.0449,,
mu09_03,13,4,320,237.3,0.00029,943,0.918,0.9014,,
mu09_03,13,5,400,237.9,0.00029,943,0.918,0.9014,,
mu09_03,13,6,480,399.9,0.00699,685,0.986,0.6813,,
mu09_03,13,7,560,238.3,0.00754,906,0.937,0.858,,
mu09_03,13,8,640,241.3,0.00379,691,0.868,0.8822,,
mu09_03,13,9,720,416.7,0.00071,945,0.822,0.6076,,
mu09_03,13,10,800,247.2,0.00679,347,0.975,0.7402,,
mu09_03,13,11,880,398.9,0.00778,835,0.987,0.8103,,
mu09_03,13,12,960,299,0.00168,908,0.999,0.991,,
mu09_03,13,13,1040,299.6,0.00847,458,0.945,0.7649,,
mu09_03,13,14,1120,343.4,0.00814,21,0.978,0.9416,,
mu09_03,13,15,1200,142.5,0.00513,887,0.957,0.8783,,
mu09_03,13,16,1280,140.6,0.00536,994,0.8,0.72,,
mu09_03,13,17,1360,192.3,0.00805,982,0.987,0.51,,
mu09_03,13,18,1440,195.4,0.00994,1023,0.959,0.0611,,
mu09_03,13,19,1520,269,0.00732,925,0.986,0.1105,,
mu09_03,13,20,1600,228.8,0.00055,140,0.969,0.3367,,
mu09_03,13,21,1680,286.8,0.00032,891,0.966,0.7039,,
mu09_03,13,22,1760,283.7,0.00032,891,0.966,0.7039,,
mu09_03,13,23,1840,299.6,0.00111,1008,0.974,0.7036,,
mu09_03,13,24,1920,256.7,0.00032,891,0.966,0.7039,,
mu09_03,13,25,2000,235.9,0.00032,891,0.966,0.7039,,
mu09_03,13,26,2080,270.6,0.00024,503,0.969,0.8961,,
mu09_03,13,27,2160,237.5,0.00016,985,0.878,0.7334,,
mu09_03,13,28,2240,223.7,0.00011,835,0.999,0.8652,,
mu09_03,13,29,2320,217.7,0.0015,1010,0.808,0.6192,,
mu09_03,13,30,2400,288.2,0.00193,906,0.82,0.9491,,
mu09_03,13,31,2480,219.3,0.00016,985,0.878,0.7334,,
mu09_03,13,32,2560,188.1,0.00016,985,0.878,0.7334,,
mu09_03,13,33,2640,140.2,0.0011,1010,0.841,0.9986,,
mu09_03,13,34,2720,263.2,0.00024,578,0.816,0.8879,,
mu09_03,13,35,2800,217.9,0.00289,912,0.821,0.9985,,
mu09_03,13,36,2880,182.4,0.00011,728,0.859,0.9237,,
mu09_03,13,37,2960,156.4,0.00011,728,0.859,0.9237,,
mu09_03,13,38,3040,233.3,0.00011,728,0.859,0.9237,,
mu09_03,13,39,3120,218.9,0.00011,728,0.859,0.9237,,
mu09_03,13,40,3200,193.4,0.00038,737,0.889,0.8203,,
mu09_03,13,41,3280,219.9,0.00193,298,0.978,0.9597,,
mu09_03,13,42,3360,147,0.00024,562,0.946,0.8599,,
mu09_03,13,43,3440,155.3,0.00123,729,0.982,0.8993,,
mu09_03,13,44,3520,145.5,0.00184,973,0.919,0.9999,,
mu09_03,13,45,3600,178.5,0.00184,973,0.919,0.9999,,
mu09_03,13,46,3680,171.2,0.00248,962,0.82,0.1283,,
mu09_03,13,47,3760,160.4,0.0046,989,0.991,0.4305,,
mu09_03,13,48,3840,169.1,0.00035,996,0.893,0.7706,,
mu09_03,13,49,3920,305.7,0.00104,812,0.986,0.1805,,
mu09_03,13,50,4000,164.7,0.001,1023,0.897,0.9578,,
mu09_03,13,51,4080,395.9,0.00011,980,0.884,0.425,,
mu09_03,13,52,4160,154.7,0.00035,996,0.893,0.7706,,
mu09_03,13,53,4240,154.2,0.00011,980,0.884,0.425,,
mu09_03,13,54,4320,178.8,0.00017,1015,0.925,0.9419,,
mu09_03,13,55,4400,133.2,0.00012,1023,0.916,0.8688,,
mu09_03,13,56,4480,454.8,0.00211,66,0.818,1,,
mu09_03,13,57,4560,217.2,0.00322,210,0.873,0.9469,,
mu09_03,13,58,4640,195.3,0.0003,474,0.985,0.9712,,
mu09_03,13,59,4720,212.6,0.00483,941,0.83,0.9499,,
mu09_03,13,60,4800,176.9,0.00036,270,0.83,0.956,,
mu09_03,13,61,4880,301.6,0.00025,775,0.997,0.0802,,
mu09_03,13,62,4960,339.2,0.00062,991,0.987,0.0135,,
mu09_03,13,63,5040,397.7,0.00097,1023,0.94,0.1889,,
mu09_03,13,64,5120,347.5,0.00075,1010,0.965,0.1881,,
mu09_03,13,65,5200,500,0.00094,1023,0.913,0.0482,,
mu09_03,13,,,,,,,,5200,3820
mu09_03,14,1,80,9.9,0.00701,642,0.915,0.4303,,
mu09_03,14,2,160,15.8,0.00701,642,0.915,0.4303,,
mu09_03,14,3,240,134,0.00357,977,0.986,0.7472,,
mu09_03,14,4,320,500,0.00099,380,0.854,0.6116,,
mu09_03,14,,,,,,,,320,117
mu09_03,15,1,80,11.5,0.0004,639,0.851,0.7481,,
mu09_03,15,2,160,10.1,0.0004,639,0.851,0.7481,,
mu09_03,15,3,240,466.4,0.00418,369,0.82,0.496,,
mu09_03,15,4,320,500,0.00228,878,0.902,0.1267,,
mu09_03,15,,,,,,,,320,175
mu09_01,16,1,80,10.1,0.00081,942,0.849,0.565,,
mu09_01,16,2,160,51.3,0.00996,934,0.974,0.9728,,
mu09_01,16,3,240,137.2,0.00359,16,0.906,0.8007,,
mu09_01,16,4,320,250.1,0.00835,475,0.953,0.7101,,
mu09_01,16,5,400,364.2,0.00884,165,0.932,0.4133,,
mu09_01,16,6,480,185.5,0.00822,745,0.806,0.5713,,
mu09_01,16,7,560,233.4,0.00885,75,0.973,0.8895,,
mu09_01,16,8,640,340.6,0.00885,75,0.973,0.8895,,
mu09_01,16,9,720,463.9,0.00683,663,0.986,0.402,,
mu09_01,16,10,800,250.9,0.00172,692,0.877,0.9883,,
mu09_01,16,11,880,307,0.00128,110,0.972,0.6658,,
mu09_01,16,12,960,324.4,0.0099,23,0.925,0.4848,,
mu09_01,16,13,1040,244.6,0.00576,284,0.928,0.9876,,
mu09_01,16,14,1120,136,0.0089,943,0.833,0.9999,,
mu09_01,16,15,1200,114.9,0.00128,110,0.972,0.6658,,
mu09_01,16,16,1280,181.3,0.00998,883,0.976,0.8947,,
mu09_01,16,17,1360,109.4,0.00121,47,0.919,0.9774,,
mu09_01,16,18,1440,195.4,0.00679,104,0.905,0.8665,,
mu09_01,16,19,1520,411.3,0.00937,98,0.831,0.9662,,
mu09_01,16,20,1600,164,0.00937,98,0.831,0.9662,,
mu09_01,16,21,1680,145.4,0.00965,146,0.808,0.8524,,
mu09_01,16,22,1760,121.8,0.00606,975,0.977,0.4905,,
mu09_01,16,23,1840,107.1,0.00953,829,0.981,0.8252,,
mu09_01,16,24,1920,160,0.00933,1003,0.999,0.8972,,
mu09_01,16,25,2000,107.9,0.00912,553,0.956,0.0508,,
mu09_01,16,26,2080,215.8,0.00912,553,0.956,0.0508,,
mu09_01,16,27,2160,331.5,0.00457,478,0.995,0.9997,,
mu09_01,16,28,2240,301.8,0.00837,971,0.999,0.8016,,
mu09_01,16,29,2320,324,0.00857,766,0.979,0.9996,,
mu09_01,16,30,2400,382.1,0.00536,464,0.977,0.7017,,
mu09_01,16,31,2480,346.4,0.00155,564,0.973,0.9245,,
mu09_01,16,32,2560,286.4,0.00369,656,0.999,0.8211,,
mu09_01,16,33,2640,382.9,0.0006,1022,0.999,0.679,,
mu09_01,16,34,2720,394.3,0.0006,1022,0.999,0.679,,
mu09_01,16,35,2800,483,0.00536,880,0.999,0.587,,
mu09_01,16,36,2880,500,0.00536,880,0.999,0.587,,
mu09_01,16,,,,,,,,2880,1738
mu09_02,21,1,80,11.2,0.00409,125,0.82,0.3043,,
mu09_02,21,2,160,24.6,0.00124,709,0.839,0.6884,,
mu09_02,21,3,240,156.8,0.00124,709,0.839,0.6884,,
mu09_02,21,4,320,334.7,0.00539,987,0.946,0.9278,,
mu09_02,21,5,400,235.6,0.00028,357,0.965,0.0238,,
mu09_02,21,6,480,234.8,0.0064,503,0.987,0.5206,,
mu09_02,21,7,560,169.6,0.00028,357,0.965,0.0238,,
mu09_02,21,8,640,260.6,0.00757,902,0.974,0.2214,,
mu09_02,21,9,720,292.8,0.00074,206,0.826,0.5188,,
mu09_02,21,10,800,236.2,0.00074,206,0.826,0.5188,,
mu09_02,21,11,880,238.7,0.0013,454,0.954,0.9705,,
mu09_02,21,12,960,359,0.00055,282,0.95,0.841,,
mu09_02,21,13,1040,366,0.00032,1021,0.999,0.8348,,
mu09_02,21,14,1120,329.5,0.00015,635,0.959,0.9347,,
mu09_02,21,15,1200,336.6,0.00015,635,0.959,0.9347,,
mu09_02,21,16,1280,402.3,0.0004,560,0.998,0.8881,,
mu09_02,21,17,1360,335,0.00015,635,0.959,0.9347,,
mu09_02,21,18,1440,223,0.00015,635,0.959,0.9347,,
mu09_02,21,19,1520,248.1,0.00215,492,0.999,0.6962,,
mu09_02,21,20,1600,226.5,0.00231,932,0.895,0.9711,,
mu09_02,21,21,1680,194.5,0.00015,635,0.959,0.9347,,
mu09_02,21,22,1760,268.8,0.00015,635,0.959,0.9347,,
mu09_02,21,23,1840,162.9,0.00015,635,0.959,0.9347,,
mu09_02,21,24,1920,228.2,0.00015,635,0.959,0.9347,,
mu09_02,21,25,2000,233.8,0.00077,190,0.97,0.8207,,
mu09_02,21,26,2080,233.5,0.00292,1013,0.884,0.118,,
mu09_02,21,27,2160,221.5,0.00017,835,0.986,0.134,,
mu09_02,21,28,2240,459.2,0.00017,835,0.986,0.134,,
mu09_02,21,29,2320,478.7,0.00173,871,0.997,0.5566,,
mu09_02,21,30,2400,500,0.00173,871,0.997,0.5566,,
mu09_02,21,,,,,,,,2400,2018
mu09_01,17,1,80,12.1,0.00217,825,0.891,0.1413,,
mu09_01,17,2,160,27.7,0.00186,391,0.973,0.9375,,
mu09_01,17,3,240,137,0.00186,391,0.973,0.9375,,
mu09_01,17,4,320,152.8,0.00773,52,0.94,0.3517,,
mu09_01,17,5,400,111.9,0.00218,81,0.871,0.3048,,
mu09_01,17,6,480,123.5,0.00995,409,0.959,0.7381,,
mu09_01,17,7,560,110.4,0.00384,890,0.979,0.367,,
mu09_01,17,8,640,105.2,0.00815,549,0.996,0.2822,,
mu09_01,17,9,720,118.1,0.00788,409,0.936,0.0685,,
mu09_01,17,10,800,142.9,0.00938,523,0.95,0.3502,,
mu09_01,17,11,880,269.2,0.00902,674,0.978,0.9309,,
mu09_01,17,12,960,238.2,0.00189,816,0.999,0.0972,,
mu09_01,17,13,1040,232,0.00968,579,0.998,0.3022,,
mu09_01,17,14,1120,240.5,0.00211,533,0.947,0.9998,,
mu09_01,17,15,1200,253.6,0.00929,1003,0.988,0.8657,,
mu09_01,17,16,1280,328.3,0.00059,864,0.955,0.8338,,
mu09_01,17,17,1360,199.9,0.00211,533,0.947,0.9998,,
mu09_01,17,18,1440,136.9,0.00211,533,0.947,0.9998,,
mu09_01,17,19,1520,281.3,0.00949,493,0.965,0.9922,,
mu09_01,17,20,1600,481.7,0.00229,937,0.941,0.291,,
mu09_01,17,21,1680,337.4,0.00111,851,0.971,0.2674,,
mu09_01,17,22,1760,230.5,0.00971,53,0.993,0.0778,,
mu09_01,17,23,1840,291.6,0.00252,936,0.955,0.01,,
mu09_01,17,24,1920,321.9,0.00886,84,0.99,0.8823,,
mu09_01,17,25,2000,500,0.00315,990,0.991,0.9595,,
mu09_01,17,,,,,,,,2000,1505
mu09_01,18,1,80,21.7,0.00643,940,0.986,0.6812,,
mu09_01,18,2,160,21.8,0.00886,477,0.955,0.86,,
mu09_01,18,3,240,500,0.00643,940,0.986,0.6812,,
mu09_01,18,,,,,,,,240,71
mu09_02,22,1,80,10.8,0.00934,400,0.947,0.7709,,
mu09_02,22,2,160,99.9,0.00426,40,0.897,0.8254,,
mu09_02,22,3,240,153.1,0.00788,331,0.984,0.8933,,
mu09_02,22,4,320,252.6,0.00851,220,0.982,0.7017,,
mu09_02,22,5,400,166.3,0.00851,220,0.982,0.7017,,
mu09_02,22,6,480,259.4,0.00657,818,0.9,0.7624,,
mu09_02,22,7,560,253.5,0.00895,217,0.861,0.7825,,
mu09_02,22,8,640,275.7,0.00188,830,0.931,0.996,,
mu09_02,22,9,720,303.2,0.00188,830,0.931,0.996,,
mu09_02,22,10,800,264.1,0.00303,658,0.969,0.926,,
mu09_02,22,11,880,263.3,0.00303,658,0.969,0.926,,
mu09_02,22,12,960,205.9,0.00303,658,0.969,0.926,,
mu09_02,22,13,1040,220.4,0.00672,970,0.952,0.9838,,
mu09_02,22,14,1120,325.2,0.00055,993,0.994,0.9527,,
mu09_02,22,15,1200,500,0.00118,799,0.992,0.7172,,
mu09_02,22,,,,,,,,1200,684
mu09_01,19,1,80,10.4,0.00108,187,0.957,0.8068,,
mu09_01,19,2,160,16.7,0.00716,955,0.809,0.6093,,
mu09_01,19,3,240,145.8,0.00801,886,0.857,0.2355,,
mu09_01,19,4,320,378.4,0.00916,944,0.893,0.8246,,
mu09_01,19,5,400,500,0.00809,1023,0.961,0.7506,,
mu09_01,19,,,,,,,,400,230
mu09_01,20,1,80,11.9,0.00387,417,0.985,0.7819,,
mu09_01,20,2,160,14.9,0.00223,499,0.921,0.0632,,
mu09_01,20,3,240,355.8,0.00946,925,0.932,0.8449,,
mu09_01,20,4,320,500,0.00786,535,0.999,0.3138,,
mu09_01,20,,,,,,,,320,130
mu09_01,21,1,80,24.4,0.0062,988,0.905,0.5006,,
mu09_01,21,2,160,320,0.0062,988,0.905,0.5006,,
mu09_01,21,3,240,244.8,0.00807,77,0.937,0.6222,,
mu09_01,21,4,320,500,0.00046,804,0.911,0.0795,,
mu09_01,21,,,,,,,,320,240
mu09_03,16,1,80,22.8,0.0099,254,0.966,0.8089,,
mu09_03,16,2,160,56.6,0.0094,301,0.893,0.7959,,
mu09_03,16,3,240,230.7,0.00138,437,0.881,0.2795,,
mu09_03,16,4,320,187.2,0.00862,266,0.971,0.4264,,
mu09_03,16,5,400,208.3,0.00818,882,0.923,0.2278,,
mu09_03,16,6,480,349.2,0.00999,568,0.819,0.7794,,
mu09_03,16,7,560,190.4,0.00177,350,0.943,0.9748,,
mu09_03,16,8,640,226.4,0.00631,922,0.967,0.3238,,
mu09_03,16,9,720,249.8,0.00631,922,0.967,0.3238,,
mu09_03,16,10,800,278.4,0.00631,922,0.967,0.3238,,
mu09_03,16,11,880,273.2,0.00553,559,0.997,0.533,,
mu09_03,16,12,960,240.4,0.00051,853,0.986,0.6329,,
mu09_03,16,13,1040,199.7,0.00079,578,0.995,0.6407,,
mu09_03,16,14,1120,215.9,0.00774,656,0.999,0.5735,,
mu09_03,16,15,1200,202.3,0.0017,773,0.98,0.8797,,
mu09_03,16,16,1280,170.6,0.00139,952,0.984,0.7508,,
mu09_03,16,17,1360,114.1,0.00074,896,0.864,0.9999,,
mu09_03,16,18,1440,132.8,0.00146,915,0.985,0.4393,,
mu09_03,16,19,1520,123.9,0.00253,968,0.999,0.919,,
mu09_03,16,20,1600,153.3,0.00145,178,0.989,0.8016,,
mu09_03,16,21,1680,100.3,0.0017,908,0.945,0.489,,
mu09_03,16,22,1760,105.1,0.0013,935,0.991,0.2416,,
mu09_03,16,23,1840,101.8,0.0013,935,0.991,0.2416,,
mu09_03,16,24,1920,106.9,0.0017,1001,0.988,0.7796,,
mu09_03,16,25,2000,102.5,0.0006,857,0.988,0.8807,,
mu09_03,16,26,2080,108.9,0.00933,250,0.998,0.5531,,
mu09_03,16,27,2160,252.5,0.00803,110,0.977,0.8883,,
mu09_03,16,28,2240,116.6,0.00487,791,0.802,0.9517,,
mu09_03,16,29,2320,114.8,0.00487,791,0.802,0.9517,,
mu09_03,16,30,2400,186.5,0.00778,960,0.943,0.9844,,
mu09_03,16,31,2480,181.9,0.00564,1023,0.981,0.6575,,
mu09_03,16,32,2560,108.7,0.00032,1003,0.986,0.5842,,
mu09_03,16,33,2640,117.8,0.00702,863,0.968,0.947,,
mu09_03,16,34,2720,311.9,0.00513,969,0.998,0.7121,,
mu09_03,16,35,2800,139,0.00248,97,0.995,0.9845,,
mu09_03,16,36,2880,115.7,0.00841,740,0.919,0.3888,,
mu09_03,16,37,2960,127.2,0.00841,740,0.919,0.3888,,
mu09_03,16,38,3040,116.4,0.00616,549,0.997,0.935,,
mu09_03,16,39,3120,105.2,0.00616,549,0.997,0.935,,
mu09_03,16,40,3200,111.9,0.0095,656,0.999,0.8751,,
mu09_03,16,41,3280,184.9,0.00798,906,0.999,0.9291,,
mu09_03,16,42,3360,101.7,0.00857,988,0.991,0.9675,,
mu09_03,16,43,3440,151.8,0.00805,970,0.997,0.7805,,
mu09_03,16,44,3520,93.5,0.00552,989,0.985,0.9823,,
mu09_03,16,45,3600,230,0.00552,989,0.985,0.9823,,
mu09_03,16,46,3680,223.2,0.00681,920,0.967,0.9647,,
mu09_03,16,47,3760,278.3,0.00082,555,0.963,1,,
mu09_03,16,48,3840,277.3,0.00082,555,0.963,1,,
mu09_03,16,49,3920,360.2,0.00082,555,0.963,1,,
mu09_03,16,50,4000,473.7,0.00096,590,0.954,0.9971,,
mu09_03,16,51,4080,473.3,0.00154,973,0.919,0.8923,,
mu09_03,16,52,4160,500,0.00026,566,0.999,0.8753,,
mu09_03,16,,,,,,,,4160,2656
mu09_02,23,1,80,10.9,0.00417,653,0.808,0.8498,,
mu09_02,23,2,160,25,0.00825,867,0.911,0.9815,,
mu09_02,23,3,240,132.5,0.00934,811,0.959,0.6333,,
mu09_02,23,4,320,253.3,0.00941,116,0.934,0.6821,,
mu09_02,23,5,400,178.8,0.00127,383,0.939,0.3564,,
mu09_02,23,6,480,153,0.00358,1019,0.825,0.8402,,
mu09_02,23,7,560,135.9,0.00092,301,0.916,0.4803,,
mu09_02,23,8,640,207.7,0.00306,160,0.952,0.9971,,
mu09_02,23,9,720,232.9,0.00388,531,0.966,0.9985,,
mu09_02,23,10,800,220.6,0.00121,794,0.981,0.7846,,
mu09_02,23,11,880,212.2,0.00425,892,0.925,0.8566,,
mu09_02,23,12,960,243.9,0.0026,936,0.852,0.5912,,
mu09_02,23,13,1040,261.1,0.00813,899,0.83,0.9257,,
mu09_02,23,14,1120,231.1,0.00398,1023,0.925,0.8849,,
mu09_02,23,15,1200,232.9,0.00398,1023,0.925,0.8849,,
mu09_02,23,16,1280,285.1,0.00398,1023,0.925,0.8849,,
mu09_02,23,17,1360,314.9,0.00297,545,0.925,0.9921,,
mu09_02,23,18,1440,327.5,0.00147,527,0.973,0.9737,,
mu09_02,23,19,1520,500,0.00147,527,0.973,0.9737,,
mu09_02,23,,,,,,,,1520,950
mu09_03,17,1,80,11.5,0.00184,174,0.937,0.25,,
mu09_03,17,2,160,13.7,0.0086,66,0.85,0.8831,,
mu09_03,17,3,240,241.3,0.00866,721,0.829,0.754,,
mu09_03,17,4,320,392.2,0.00724,80,0.965,0.9743,,
mu09_03,17,5,400,500,0.00724,80,0.965,0.9743,,
mu09_03,17,,,,,,,,400,208
mu09_02,24,1,80,25.1,0.00621,251,0.93,0.0393,,
mu09_02,24,2,160,32.2,0.00642,265,0.916,0.8787,,
mu09_02,24,3,240,130.7,0.00256,119,0.875,0.2011,,
mu09_02,24,4,320,432.2,0.00943,811,0.938,0.1699,,
mu09_02,24,5,400,500,0.00063,1013,0.84,0.2183,,
mu09_02,24,,,,,,,,400,240
mu09_01,22,1,80,21.4,0.0035,481,0.804,0.2589,,
mu09_01,22,2,160,83.9,0.00177,103,0.884,0.7977,,
mu09_01,22,3,240,138.6,0.0063,101,0.808,0.278,,
mu09_01,22,4,320,423.5,0.00173,993,0.831,0.8163,,
mu09_01,22,5,400,172.2,0.00173,993,0.831,0.8163,,
mu09_01,22,6,480,234,0.00246,266,0.954,0.8631,,
mu09_01,22,7,560,147.6,0.00173,993,0.831,0.8163,,
mu09_01,22,8,640,199.1,0.00173,993,0.831,0.8163,,
mu09_01,22,9,720,340.8,0.00041,809,0.949,0.3652,,
mu09_01,22,10,800,321.5,0.00041,809,0.949,0.3652,,
mu09_01,22,11,880,234.8,0.00939,308,0.931,0.57,,
mu09_01,22,12,960,271.6,0.00173,993,0.831,0.8163,,
mu09_01,22,13,1040,343.6,0.00445,918,0.945,0.8021,,
mu09_01,22,14,1120,295.7,0.00127,958,0.954,0.878,,
mu09_01,22,15,1200,273.2,0.00347,936,0.87,0.6909,,
mu09_01,22,16,1280,473,0.00174,35,0.98,0.0679,,
mu09_01,22,17,1360,500,0.00013,598,0.975,0.8662,,
mu09_01,22,,,,,,,,1360,911
mu09_02,25,1,80,10.4,0.00191,484,0.952,0.4316,,
mu09_02,25,2,160,72.5,0.00796,884,0.848,0.759,,
mu09_02,25,3,240,268,0.00277,629,0.943,0.6659,,
mu09_02,25,4,320,500,0.00986,206,0.898,0.2324,,
mu09_02,25,,,,,,,,320,132
mu09_02,26,1,80,20.3,0.00453,702,0.942,0.1458,,
mu09_02,26,2,160,305.5,0.00767,191,0.888,0.8412,,
mu09_02,26,3,240,124.3,0.00021,289,0.926,0.8971,,
mu09_02,26,4,320,121.5,0.0081,142,0.935,0.0103,,
mu09_02,26,5,400,212.6,0.00661,474,0.998,0.7022,,
mu09_02,26,6,480,239.8,0.00568,830,0.964,0.6959,,
mu09_02,26,7,560,167.2,0.00021,289,0.926,0.8971,,
mu09_02,26,8,640,180.8,0.00021,289,0.926,0.8971,,
mu09_02,26,9,720,156.6,0.00021,289,0.926,0.8971,,
mu09_02,26,10,800,244.8,0.00878,369,0.955,0.0374,,
mu09_02,26,11,880,200.4,0.00865,866,0.997,0.9856,,
mu09_02,26,12,960,500,0.00323,308,0.999,0.7279,,
mu09_02,26,,,,,,,,960,567
mu09_02,27,1,80,10.8,0.00636,892,0.841,0.0715,,
mu09_02,27,2,160,20.2,0.00986,972,0.885,0.647,,
mu09_02,27,3,240,25.2,0.00428,748,0.858,0.3055,,
mu09_02,27,4,320,153.9,0.00963,938,0.934,0.9937,,
mu09_02,27,5,400,500,0.00963,938,0.934,0.9937,,
mu09_02,27,,,,,,,,400,146
mu09_01,23,1,80,63.1,0.00314,481,0.891,0.5734,,
mu09_01,23,2,160,84.8,0.00431,662,0.881,0.7171,,
mu09_01,23,3,240,112.3,0.00248,818,0.982,0.9487,,
mu09_01,23,4,320,178.5,0.00163,144,0.92,0.0987,,
mu09_01,23,5,400,157.3,0.00948,924,0.963,0.9635,,
mu09_01,23,6,480,465.6,0.00948,924,0.963,0.9635,,
mu09_01,23,7,560,217.4,0.00883,210,0.997,0.7372,,
mu09_01,23,8,640,174.2,0.00148,822,0.92,0.7979,,
mu09_01,23,9,720,149.6,0.00854,746,0.972,0.9695,,
mu09_01,23,10,800,182.9,0.00711,728,0.894,0.9771,,
mu09_01,23,11,880,216.1,0.00604,916,0.922,0.9734,,
mu09_01,23,12,960,335.7,0.00484,896,0.844,0.9322,,
mu09_01,23,13,1040,424.6,0.00313,397,0.961,0.4627,,
mu09_01,23,14,1120,268.1,0.00633,855,0.988,0.7536,,
mu09_01,23,15,1200,254.3,0.00138,606,0.96,0.0474,,
mu09_01,23,16,1280,382.9,0.00341,996,0.879,0.5854,,
mu09_01,23,17,1360,469.3,0.00707,16,0.971,0.8911,,
mu09_01,23,18,1440,329.8,0.00138,606,0.96,0.0474,,
mu09_01,23,19,1520,268.6,0.00132,746,0.972,0.6432,,
mu09_01,23,20,1600,500,0.00161,1010,0.979,0.9578,,
mu09_01,23,,,,,,,,1600,1130
mu09_01,24,1,80,11.8,0.00318,868,0.877,0.4638,,
mu09_01,24,2,160,16.8,0.00404,824,0.866,0.8513,,
mu09_01,24,3,240,104,0.00404,824,0.866,0.8513,,
mu09_01,24,4,320,322.9,0.00273,791,0.953,0.8158,,
mu09_01,24,5,400,500,0.00309,837,0.931,0.8188,,
mu09_01,24,,,,,,,,400,188
mu09_01,25,1,80,11.8,0.00637,331,0.808,0.9297,,
mu09_01,25,2,160,54.8,0.00637,331,0.808,0.9297,,
mu09_01,25,3,240,215.2,0.00637,331,0.808,0.9297,,
mu09_01,25,4,320,362.5,0.00637,331,0.808,0.9297,,
mu09_01,25,5,400,200.2,0.00012,884,0.959,0.3761,,
mu09_01,25,6,480,317.3,0.00012,884,0.959,0.3761,,
mu09_01,25,7,560,500,0.00032,892,0.977,0.7379,,
mu09_01,25,,,,,,,,560,421
mu09_02,28,1,80,16.5,0.00773,54,0.961,0.3098,,
mu09_02,28,2,160,140.2,0.00597,148,0.933,0.9632,,
mu09_02,28,3,240,361.3,0.00597,148,0.933,0.9632,,
mu09_02,28,4,320,168.5,0.00597,148,0.933,0.9632,,
mu09_02,28,5,400,222.2,0.00112,709,0.965,0.9182,,
mu09_02,28,6,480,383.3,0.00112,709,0.965,0.9182,,
mu09_02,28,7,560,186.6,0.0043,742,0.88,0.9997,,
mu09_02,28,8,640,224.9,0.00925,245,0.981,0.8213,,
mu09_02,28,9,720,291.7,0.0036,19,0.882,0.0118,,
mu09_02,28,10,800,215.6,0.00297,681,0.826,0.6934,,
mu09_02,28,11,880,443.7,0.00849,153,0.809,0.9205,,
mu09_02,28,12,960,309.5,0.00151,112,0.901,0.8849,,
mu09_02,28,13,1040,401.4,0.00198,940,0.992,0.9457,,
mu09_02,28,14,1120,198.5,0.00367,390,0.967,0.9265,,
mu09_02,28,15,1200,211.1,0.00146,873,0.931,0.9047,,
mu09_02,28,16,1280,186.7,0.00253,999,0.947,0.9384,,
mu09_02,28,17,1360,190.1,0.00253,999,0.947,0.9384,,
mu09_02,28,18,1440,290,0.00253,999,0.947,0.9384,,
mu09_02,28,19,1520,362.3,0.00258,875,0.924,0.9191,,
mu09_02,28,20,1600,390.5,0.00277,992,0.955,0.9361,,
mu09_02,28,21,1680,500,0.00963,994,0.994,0.6021,,
mu09_02,28,,,,,,,,1680,1044
mu09_01,26,1,80,10.8,0.00996,982,0.947,0.7072,,
mu09_01,26,2,160,65.6,0.00886,983,0.828,0.6987,,
mu09_01,26,3,240,286.3,0.0032,339,0.821,0.9015,,
mu09_01,26,4,320,263.9,0.00308,63,0.914,0.8759,,
mu09_01,26,5,400,500,0.00308,63,0.914,0.8759,,
mu09_01,26,,,,,,,,400,192
mu09_02,29,1,80,10.8,0.00646,34,0.9,0.4689,,
mu09_02,29,2,160,13.4,0.00236,152,0.929,0.5021,,
mu09_02,29,3,240,134,0.00267,117,0.853,0.8934,,
mu09_02,29,4,320,400.6,0.00866,150,0.962,0.7907,,
mu09_02,29,5,400,500,0.00835,30,0.854,0.1163,,
mu09_02,29,,,,,,,,400,204
mu09_01,27,1,80,11.4,0.00955,379,0.923,0.8494,,
mu09_01,27,2,160,25,0.00878,186,0.815,0.6304,,
mu09_01,27,3,240,178.8,0.00955,379,0.923,0.8494,,
mu09_01,27,4,320,415.3,0.00011,43,0.815,0.9407,,
mu09_01,27,5,400,500,0.00011,43,0.815,0.9407,,
mu09_01,27,,,,,,,,400,250
mu09_02,30,1,80,24.7,0.0081,444,0.826,0.6406,,
mu09_02,30,2,160,123.1,0.0081,444,0.826,0.6406,,
mu09_02,30,3,240,154.2,0.00962,55,0.917,0.8676,,
mu09_02,30,4,320,320.3,0.0031,795,0.859,0.7943,,
mu09_02,30,5,400,258.4,0.0024,196,0.877,0.6432,,
mu09_02,30,6,480,500,0.00507,1023,0.959,0.7029,,
mu09_02,30,,,,,,,,480,309
mu09_01,28,1,80,12.1,0.00506,809,0.827,0.4934,,
mu09_01,28,2,160,15.7,0.0036,674,0.83,0.2225,,
mu09_01,28,3,240,406.7,0.00251,741,0.975,0.9291,,
mu09_01,28,4,320,500,0.00251,741,0.975,0.9291,,
mu09_01,28,,,,,,,,320,162
mu09_02,31,1,80,10.7,0.00188,254,0.892,0.4276,,
mu09_02,31,2,160,17.6,0.00016,174,0.947,0.6702,,
mu09_02,31,3,240,237.4,0.00332,226,0.948,0.5319,,
mu09_02,31,4,320,419.7,0.00495,168,0.87,0.4353,,
mu09_02,31,5,400,500,0.00152,86,0.835,0.8341,,
mu09_02,31,,,,,,,,400,200
mu09_02,32,1,80,10.9,0.00268,516,0.833,0.1468,,
mu09_02,32,2,160,170.2,0.00672,407,0.858,0.63,,
mu09_02,32,3,240,94.6,0.00349,523,0.837,0.5822,,
mu09_02,32,4,320,248.4,0.00014,821,0.876,0.2214,,
mu09_02,32,5,400,405,0.00285,653,0.922,0.687,,
mu09_02,32,6,480,500,0.00181,947,0.976,0.9983,,
mu09_02,32,,,,,,,,480,276
mu09_03,18,1,80,20.4,0.00265,827,0.961,0.4777,,
mu09_03,18,2,160,25,0.00203,60,0.964,0.4226,,
mu09_03,18,3,240,233.1,0.00056,499,0.815,0.9272,,
mu09_03,18,4,320,163.9,0.00203,60,0.964,0.4226,,
mu09_03,18,5,400,390.6,0.00051,943,0.924,0.3168,,
mu09_03,18,6,480,350.7,0.00323,138,0.982,0.379,,
mu09_03,18,7,560,170.9,0.00233,230,0.835,0.7156,,
mu09_03,18,8,640,374.5,0.00154,917,0.96,0.61,,
mu09_03,18,9,720,154,0.00154,917,0.96,0.61,,
mu09_03,18,10,800,208,0.00146,16,0.923,0.8265,,
mu09_03,18,11,880,329,0.00724,97,0.86,0.9926,,
mu09_03,18,12,960,166.7,0.00771,405,0.93,0.622,,
mu09_03,18,13,1040,350.4,0.00999,156,0.924,0.248,,
mu09_03,18,14,1120,226.9,0.00289,979,0.913,0.6535,,
mu09_03,18,15,1200,272.5,0.00289,979,0.913,0.6535,,
mu09_03,18,16,1280,474.9,0.00236,811,0.966,0.8342,,
mu09_03,18,17,1360,188.7,0.00981,789,0.972,0.6682,,
mu09_03,18,18,1440,116.8,0.00426,68,0.999,0.2436,,
mu09_03,18,19,1520,261.5,0.00854,210,0.926,0.2628,,
mu09_03,18,20,1600,415.1,0.00969,467,0.951,0.9277,,
mu09_03,18,21,1680,131.1,0.00987,144,0.923,0.935,,
mu09_03,18,22,1760,266.3,0.00893,628,0.947,0.9963,,
mu09_03,18,23,1840,297.3,0.00249,891,0.993,0.9684,,
mu09_03,18,24,1920,215.3,0.00982,1011,0.988,0.7467,,
mu09_03,18,25,2000,244.6,0.00968,514,0.997,0.962,,
mu09_03,18,26,2080,155,0.00982,1011,0.988,0.7467,,
mu09_03,18,27,2160,93.2,0.00696,934,0.921,0.9868,,
mu09_03,18,28,2240,89.1,0.0088,891,0.979,0.8987,,
mu09_03,18,29,2320,153.1,0.0088,891,0.979,0.8987,,
mu09_03,18,30,2400,118.5,0.00598,994,0.989,0.0542,,
mu09_03,18,31,2480,191.7,0.00897,335,0.99,0.0915,,
mu09_03,18,32,2560,288.8,0.00897,335,0.99,0.0915,,
mu09_03,18,33,2640,268.7,0.00897,335,0.99,0.0915,,
mu09_03,18,34,2720,214.3,0.00998,416,0.832,0.9985,,
mu09_03,18,35,2800,391.3,0.00971,1020,0.848,0.8016,,
mu09_03,18,36,2880,229,0.00971,1020,0.848,0.8016,,
mu09_03,18,37,2960,282.6,0.00971,1020,0.848,0.8016,,
mu09_03,18,38,3040,198.5,0.00022,976,0.961,0.3282,,
mu09_03,18,39,3120,196.2,0.00022,976,0.961,0.3282,,
mu09_03,18,40,3200,201.5,0.00723,954,0.992,0.8467,,
mu09_03,18,41,3280,342.3,0.00295,988,0.976,0.8007,,
mu09_03,18,42,3360,201,0.0001,507,0.949,0.8557,,
mu09_03,18,43,3440,202.7,0.0001,507,0.949,0.8557,,
mu09_03,18,44,3520,241.3,0.00285,1012,0.984,0.9599,,
mu09_03,18,45,3600,234.6,0.00011,869,0.982,0.0648,,
mu09_03,18,46,3680,351.1,0.00088,880,0.992,0.9764,,
mu09_03,18,47,3760,199.2,0.0002,71,0.996,0.9529,,
mu09_03,18,48,3840,161.2,0.0002,71,0.996,0.9529,,
mu09_03,18,49,3920,477.8,0.00385,382,0.996,0.0548,,
mu09_03,18,50,4000,459.1,0.0001,961,0.979,0.7398,,
mu09_03,18,51,4080,160.5,0.00934,711,0.987,0.0652,,
mu09_03,18,52,4160,157.5,0.0001,1001,0.945,0.5907,,
mu09_03,18,53,4240,233.9,0.00147,972,0.999,0.0899,,
mu09_03,18,54,4320,123.7,0.00367,440,0.999,0.1516,,
mu09_03,18,55,4400,95.4,0.00128,868,0.99,0.0175,,
mu09_03,18,56,4480,199.4,0.00575,250,0.992,0.0522,,
mu09_03,18,57,4560,201.5,0.00039,800,0.828,0.0227,,
mu09_03,18,58,4640,392.8,0.00028,870,0.997,0.181,,
mu09_03,18,59,4720,500,0.00869,958,0.983,0.8503,,
mu09_03,18,,,,,,,,4720,3092
mu09_01,29,1,80,20.4,0.0018,804,0.929,0.2762,,
mu09_01,29,2,160,21.2,0.00913,704,0.817,0.3071,,
mu09_01,29,3,240,133.7,0.00379,327,0.999,0.4067,,
mu09_01,29,4,320,283.4,0.00233,916,0.985,0.9497,,
mu09_01,29,5,400,340.4,0.00233,916,0.985,0.9497,,
mu09_01,29,6,480,283.7,0.00454,667,0.97,0.1011,,
mu09_01,29,7,560,198.1,0.00548,321,0.988,0.4157,,
mu09_01,29,8,640,338.2,0.00016,615,0.96,0.3373,,
mu09_01,29,9,720,293.6,0.00016,615,0.96,0.3373,,
mu09_01,29,10,800,500,0.00969,864,0.986,0.1626,,
mu09_01,29,,,,,,,,800,596
mu09_02,33,1,80,11.1,0.00945,157,0.803,0.2421,,
mu09_02,33,2,160,12.2,0.00945,157,0.803,0.2421,,
mu09_02,33,3,240,451.4,0.00945,157,0.803,0.2421,,
mu09_02,33,4,320,500,0.00949,261,0.889,0.1533,,
mu09_02,33,,,,,,,,320,199
mu09_03,19,1,80,10.6,0.00337,67,0.802,0.3033,,
mu09_03,19,2,160,11.2,0.00533,394,0.92,0.4513,,
mu09_03,19,3,240,124.9,0.0026,756,0.949,0.6452,,
mu09_03,19,4,320,175,0.0026,756,0.949,0.6452,,
mu09_03,19,5,400,222.3,0.00521,783,0.868,0.9518,,
mu09_03,19,6,480,458.4,0.00011,487,0.896,0.7219,,
mu09_03,19,7,560,500,0.00116,1023,0.892,0.9611,,
mu09_03,19,,,,,,,,560,239
mu09_03,20,1,80,11.4,0.00191,344,0.869,0.609,,
mu09_03,20,2,160,16.2,0.00937,712,0.846,0.5403,,
mu09_03,20,3,240,188,0.0058,199,0.995,0.8944,,
mu09_03,20,4,320,193,0.00191,344,0.869,0.609,,
mu09_03,20,5,400,418.4,0.00885,824,0.95,0.27,,
mu09_03,20,6,480,169.9,0.00767,679,0.999,0.9649,,
mu09_03,20,7,560,180.2,0.00645,687,0.97,0.9943,,
mu09_03,20,8,640,279.5,0.00521,354,0.846,0.9739,,
mu09_03,20,9,720,117.4,0.00358,641,0.882,0.9888,,
mu09_03,20,10,800,128.1,0.00358,641,0.882,0.9888,,
mu09_03,20,11,880,113.6,0.00037,454,0.977,0.0432,,
mu09_03,20,12,960,113.7,0.00221,489,0.999,0.1469,,
mu09_03,20,13,1040,147.1,0.00136,469,0.996,0.4753,,
mu09_03,20,14,1120,252,0.00136,469,0.996,0.4753,,
mu09_03,20,15,1200,167.9,0.00813,363,0.999,0.9499,,
mu09_03,20,16,1280,140.4,0.00465,998,0.987,0.6193,,
mu09_03,20,17,1360,261.9,0.00813,204,0.999,0.0758,,
mu09_03,20,18,1440,134.1,0.00095,166,0.996,0.9113,,
mu09_03,20,19,1520,131.1,0.00255,918,0.999,0.3585,,
mu09_03,20,20,1600,124,0.00095,166,0.996,0.9113,,
mu09_03,20,21,1680,407.4,0.00255,918,0.999,0.3585,,
mu09_03,20,22,1760,490.4,0.00255,918,0.999,0.3585,,
mu09_03,20,23,1840,500,0.00219,841,0.998,0.9056,,
mu09_03,20,,,,,,,,1840,601
mu09_01,30,1,80,10.8,0.00093,731,0.971,0.8688,,
mu09_01,30,2,160,10.1,0.0064,63,0.905,0.3152,,
mu09_01,30,3,240,145.6,0.00093,731,0.971,0.8688,,
mu09_01,30,4,320,146.5,0.00307,361,0.989,0.9895,,
mu09_01,30,5,400,161.7,0.00062,27,0.933,0.8587,,
mu09_01,30,6,480,216.7,0.00031,330,0.866,0.4933,,
mu09_01,30,7,560,173.6,0.00789,677,0.971,0.962,,
mu09_01,30,8,640,199.2,0.00789,677,0.971,0.962,,
mu09_01,30,9,720,325.4,0.0032,956,0.868,0.8544,,
mu09_01,30,10,800,250.1,0.00794,932,0.938,0.9069,,
mu09_01,30,11,880,291.5,0.00206,970,0.99,0.8925,,
mu09_01,30,12,960,487.6,0.00206,970,0.99,0.8925,,
mu09_01,30,13,1040,252.8,0.00378,760,0.957,0.9888,,
mu09_01,30,14,1120,177.6,0.00235,556,0.977,0.8828,,
mu09_01,30,15,1200,215.5,0.0032,849,0.988,0.9388,,
mu09_01,30,16,1280,291.4,0.0032,849,0.988,0.9388,,
mu09_01,30,17,1360,256.3,0.00223,992,0.887,0.5685,,
mu09_01,30,18,1440,304,0.0032,849,0.988,0.9388,,
mu09_01,30,19,1520,180.8,0.0001,613,0.868,0.9778,,
mu09_01,30,20,1600,167.4,0.00265,937,0.998,0.8653,,
mu09_01,30,21,1680,255.2,0.00388,979,0.904,0.9047,,
mu09_01,30,22,1760,290.2,0.00976,715,0.91,0.0367,,
mu09_01,30,23,1840,166.6,0.00991,1015,0.903,0.3252,,
mu09_01,30,24,1920,136,0.00858,894,0.998,0.3705,,
mu09_01,30,25,2000,471.7,0.00905,912,0.939,0.5134,,
mu09_01,30,26,2080,171.7,0.00798,1018,0.896,0.0657,,
mu09_01,30,27,2160,407.4,0.0043,42,0.99,0.9311,,
mu09_01,30,28,2240,485.6,0.00798,1018,0.896,0.0657,,
mu09_01,30,29,2320,452.9,0.00014,638,0.993,0.9671,,
mu09_01,30,30,2400,462.5,0.00094,926,0.988,0.7326,,
mu09_01,30,31,2480,500,0.00076,959,0.974,0.8934,,
mu09_01,30,,,,,,,,2480,827
mu09_01,31,1,80,11.5,0.00457,890,0.92,0.995,,
mu09_01,31,2,160,22.3,0.00376,500,0.843,0.5217,,
mu09_01,31,3,240,132.1,0.00267,325,0.946,0.1997,,
mu09_01,31,4,320,329.8,0.00267,325,0.946,0.1997,,
mu09_01,31,5,400,488.9,0.00074,1012,0.911,0.3805,,
mu09_01,31,6,480,500,0.00669,837,0.992,0.3534,,
mu09_01,31,,,,,,,,480,152
mu09_01,32,1,80,10,0.0027,635,0.859,0.4825,,
mu09_01,32,2,160,24.2,0.00331,59,0.981,0.3911,,
mu09_01,32,3,240,500,0.00151,80,0.919,0.7606,,
mu09_01,32,,,,,,,,240,41
mu09_03,21,1,80,13.2,0.00296,810,0.851,0.2304,,
mu09_03,21,2,160,28,0.00431,935,0.812,0.9551,,
mu09_03,21,3,240,313,0.00886,483,0.866,0.5157,,
mu09_03,21,4,320,204.1,0.00687,695,0.886,0.5986,,
mu09_03,21,5,400,198.6,0.00275,149,0.893,0.958,,
mu09_03,21,6,480,130.5,0.00344,276,0.925,0.667,,
mu09_03,21,7,560,117.1,0.00621,811,0.942,0.1279,,
mu09_03,21,8,640,247.8,0.00326,34,0.951,0.698,,
mu09_03,21,9,720,101.4,0.00257,861,0.99,0.6854,,
mu09_03,21,10,800,283.5,0.0001,983,0.99,0.453,,
mu09_03,21,11,880,346.6,0.00257,861,0.99,0.6854,,
mu09_03,21,12,960,427.3,0.00257,861,0.99,0.6854,,
mu09_03,21,13,1040,390.4,0.0018,844,0.993,0.3893,,
mu09_03,21,14,1120,500,0.00019,684,0.994,0.0719,,
mu09_03,21,,,,,,,,1120,316
mu09_03,22,1,80,10.9,0.00587,506,0.87,0.2993,,
mu09_03,22,2,160,80.8,0.00687,500,0.873,0.6938,,
mu09_03,22,3,240,169.1,0.00666,745,0.846,0.2447,,
mu09_03,22,4,320,500,0.00805,90,0.98,0.9561,,
mu09_03,22,,,,,,,,320,82
mu09_01,33,1,80,18,0.00275,433,0.842,0.4958,,
mu09_01,33,2,160,23.6,0.00707,754,0.882,0.916,,
mu09_01,33,3,240,354.3,0.00707,754,0.882,0.916,,
mu09_01,33,4,320,224.1,0.00245,730,0.901,0.7089,,
mu09_01,33,5,400,277.8,0.00484,120,0.924,0.8375,,
mu09_01,33,6,480,352.2,0.00803,292,0.942,0.9868,,
mu09_01,33,7,560,500,0.0001,1018,0.934,0.6999,,
mu09_01,33,,,,,,,,560,186
mu09_03,23,1,80,22.3,0.0043,966,0.914,0.1641,,
mu09_03,23,2,160,79.6,0.00072,297,0.915,0.351,,
mu09_03,23,3,240,312.9,0.00072,297,0.915,0.351,,
mu09_03,23,4,320,206.7,0.00072,297,0.915,0.351,,
mu09_03,23,5,400,222.8,0.00813,789,0.999,0.7023,,
mu09_03,23,6,480,316.7,0.00139,85,0.956,0.3004,,
mu09_03,23,7,560,482.5,0.00107,776,0.999,0.5502,,
mu09_03,23,8,640,500,0.00107,776,0.999,0.5502,,
mu09_03,23,,,,,,,,640,206
mu09_03,24,1,80,20.2,0.00361,326,0.805,0.314,,
mu09_03,24,2,160,22.2,0.0053,546,0.841,0.4339,,
mu09_03,24,3,240,244.6,0.00286,495,0.826,0.4718,,
mu09_03,24,4,320,308.7,0.00904,145,0.988,0.9927,,
mu09_03,24,5,400,444.2,0.0001,542,0.86,0.6031,,
mu09_03,24,6,480,155.4,0.00723,697,0.805,0.1071,,
mu09_03,24,7,560,161.9,0.00723,697,0.805,0.1071,,
mu09_03,24,8,640,272.5,0.00775,975,0.886,0.4433,,
mu09_03,24,9,720,327.9,0.00109,859,0.963,0.0928,,
mu09_03,24,10,800,205.2,0.00136,857,0.819,0.9311,,
mu09_03,24,11,880,420.4,0.00136,857,0.819,0.9311,,
mu09_03,24,12,960,396.7,0.0001,545,0.986,0.7107,,
mu09_03,24,13,1040,346.3,0.0001,545,0.986,0.7107,,
mu09_03,24,14,1120,444.5,0.00043,462,0.973,0.6743,,
mu09_03,24,15,1200,456.5,0.00278,133,0.992,0.78,,
mu09_03,24,16,1280,248,0.00278,133,0.992,0.78,,
mu09_03,24,17,1360,264.9,0.00024,883,0.962,0.8148,,
mu09_03,24,18,1440,500,0.00015,39,0.973,0.6073,,
mu09_03,24,,,,,,,,1440,480
mu09_03,25,1,80,118,0.00824,807,0.84,0.4652,,
mu09_03,25,2,160,27.5,0.00668,199,0.877,0.4048,,
mu09_03,25,3,240,233.4,0.00347,924,0.966,0.6788,,
mu09_03,25,4,320,500,0.00347,924,0.966,0.6788,,
mu09_03,25,,,,,,,,320,65
mu09_03,26,1,80,10.7,0.00565,204,0.94,0.3702,,
mu09_03,26,2,160,40.9,0.00611,746,0.881,0.4576,,
mu09_03,26,3,240,156.7,0.00178,797,0.981,0.0354,,
mu09_03,26,4,320,465.6,0.00753,94,0.959,0.6836,,
mu09_03,26,5,400,500,0.00078,307,0.996,0.3966,,
mu09_03,26,,,,,,,,400,113
mu09_03,27,1,80,19.4,0.00871,418,0.932,0.2455,,
mu09_03,27,2,160,199.7,0.00871,418,0.932,0.2455,,
mu09_03,27,3,240,184.1,0.00239,112,0.95,0.3424,,
mu09_03,27,4,320,309.3,0.00395,513,0.998,0.5078,,
mu09_03,27,5,400,383.8,0.00966,408,0.984,0.5801,,
mu09_03,27,6,480,500,0.00769,406,0.997,0.1864,,
mu09_03,27,,,,,,,,480,141
mu09_03,28,1,80,13,0.00072,526,0.895,0.7762,,
mu09_03,28,2,160,18.6,0.00689,688,0.946,0.0101,,
mu09_03,28,3,240,141.7,0.00748,707,0.961,0.9012,,
mu09_03,28,4,320,215.1,0.00046,250,0.815,0.5106,,
mu09_03,28,5,400,262.2,0.00669,681,0.843,0.1405,,
mu09_03,28,6,480,232.7,0.00067,953,0.809,0.7976,,
mu09_03,28,7,560,262.7,0.0017,801,0.939,0.8356,,
mu09_03,28,8,640,288.9,0.00149,140,0.946,0.721,,
mu09_03,28,9,720,223.7,0.00017,765,0.981,0.8406,,
mu09_03,28,10,800,248.3,0.0002,1021,0.883,0.9559,,
mu09_03,28,11,880,233,0.0002,1021,0.883,0.9559,,
mu09_03,28,12,960,286.1,0.00017,765,0.981,0.8406,,
mu09_03,28,13,1040,311.1,0.00317,62,0.99,0.9999,,
mu09_03,28,14,1120,237,0.00929,940,0.808,0.999,,
mu09_03,28,15,1200,250.7,0.0092,968,0.931,0.5783,,
mu09_03,28,16,1280,212.7,0.00721,987,0.942,0.8025,,
mu09_03,28,17,1360,249.2,0.00793,1002,0.908,0.888,,
mu09_03,28,18,1440,152.2,0.00855,928,0.875,1,,
mu09_03,28,19,1520,195.3,0.00902,309,0.865,0.7904,,
mu09_03,28,20,1600,131.3,0.00264,465,0.814,0.0102,,
mu09_03,28,21,1680,163.6,0.00103,43,0.994,0.82,,
mu09_03,28,22,1760,124.9,0.00692,916,0.814,0.878,,
mu09_03,28,23,1840,224.9,0.00999,966,0.837,0.4835,,
mu09_03,28,24,1920,240.4,0.00757,968,0.971,0.8976,,
mu09_03,28,25,2000,259.2,0.00957,62,0.895,0.929,,
mu09_03,28,26,2080,112.4,0.00025,862,0.991,0.9575,,
mu09_03,28,27,2160,126.3,0.00191,1013,0.801,0.2818,,
mu09_03,28,28,2240,165.8,0.00191,1013,0.801,0.2818,,
mu09_03,28,29,2320,205.8,0.00885,967,0.987,0.1297,,
mu09_03,28,30,2400,306.5,0.00885,967,0.987,0.1297,,
mu09_03,28,31,2480,185.4,0.00176,934,0.973,0.1249,,
mu09_03,28,32,2560,210.7,0.00178,984,0.991,0.3339,,
mu09_03,28,33,2640,233.3,0.00178,984,0.991,0.3339,,
mu09_03,28,34,2720,458.3,0.00011,779,0.988,0.9912,,
mu09_03,28,35,2800,463.5,0.00011,779,0.988,0.9912,,
mu09_03,28,36,2880,500,0.0005,805,0.993,0.8156,,
mu09_03,28,,,,,,,,2880,847
mu09_03,29,1,80,20.7,0.00256,879,0.96,0.5179,,
mu09_03,29,2,160,24.6,0.0073,972,0.882,0.5229,,
mu09_03,29,3,240,311.6,0.00013,444,0.84,0.807,,
mu09_03,29,4,320,476.1,0.00013,444,0.84,0.807,,
mu09_03,29,5,400,239.3,0.00864,965,0.807,0.9232,,
mu09_03,29,6,480,293.2,0.00655,253,0.974,0.4991,,
mu09_03,29,7,560,196.5,0.00751,78,0.982,0.6583,,
mu09_03,29,8,640,252.5,0.00865,865,0.989,0.4775,,
mu09_03,29,9,720,182.2,0.00077,797,0.865,0.0543,,
mu09_03,29,10,800,185.3,0.00077,797,0.865,0.0543,,
mu09_03,29,11,880,176.6,0.0009,749,0.99,0.6854,,
mu09_03,29,12,960,177.9,0.0009,749,0.99,0.6854,,
mu09_03,29,13,1040,314.7,0.00625,299,0.962,0.959,,
mu09_03,29,14,1120,262,0.00786,723,0.831,0.5556,,
mu09_03,29,15,1200,219.4,0.00625,299,0.962,0.959,,
mu09_03,29,16,1280,200.9,0.0006,450,0.827,0.9848,,
mu09_03,29,17,1360,356.4,0.0006,450,0.827,0.9848,,
mu09_03,29,18,1440,300.8,0.00359,77,0.832,0.9999,,
mu09_03,29,19,1520,283.7,0.00429,808,0.972,0.6937,,
mu09_03,29,20,1600,260.5,0.00014,372,0.98,0.7394,,
mu09_03,29,21,1680,160.7,0.00108,835,0.91,0.9909,,
mu09_03,29,22,1760,159.5,0.00119,965,0.918,0.9138,,
mu09_03,29,23,1840,155.8,0.00857,789,0.832,0.8164,,
mu09_03,29,24,1920,478,0.00922,149,0.994,0.82,,
mu09_03,29,25,2000,213.4,0.0099,451,0.979,0.8429,,
mu09_03,29,26,2080,500,0.00974,716,0.995,0.7759,,
mu09_03,29,,,,,,,,2080,540
mu09_03,30,1,80,13.6,0.00212,274,0.879,0.4285,,
mu09_03,30,2,160,11.7,0.00341,421,0.954,0.8223,,
mu09_03,30,3,240,103,0.00341,421,0.954,0.8223,,
mu09_03,30,4,320,156.2,0.00341,421,0.954,0.8223,,
mu09_03,30,5,400,209.5,0.0098,591,0.969,0.1911,,
mu09_03,30,6,480,349.7,0.0098,591,0.969,0.1911,,
mu09_03,30,7,560,348.9,0.00624,406,0.858,0.8376,,
mu09_03,30,8,640,284,0.00372,417,0.911,0.8882,,
mu09_03,30,9,720,374.5,0.00202,419,0.856,0.9999,,
mu09_03,30,10,800,379.9,0.00546,771,0.811,0.8949,,
mu09_03,30,11,880,283.3,0.00546,771,0.811,0.8949,,
mu09_03,30,12,960,500,0.00333,934,0.995,0.3192,,
mu09_03,30,,,,,,,,960,239
mu09_03,31,1,80,14.8,0.00215,338,0.834,0.26,,
mu09_03,31,2,160,91.4,0.0062,449,0.831,0.2421,,
mu09_03,31,3,240,500,0.00315,436,0.982,0.3788,,
mu09_03,31,,,,,,,,240,52
mu09_03,32,1,80,10.1,0.00836,922,0.873,0.9588,,
mu09_03,32,2,160,26.2,0.00836,922,0.873,0.9588,,
mu09_03,32,3,240,266.4,0.00883,555,0.954,0.4751,,
mu09_03,32,4,320,500,0.00732,900,0.978,0.3311,,
mu09_03,32,,,,,,,,320,72
mu09_03,33,1,80,9.9,0.00983,685,0.962,0.1044,,
mu09_03,33,2,160,130.5,0.00356,77,0.876,0.4414,,
mu09_03,33,3,240,257.9,0.00066,853,0.936,0.7678,,
mu09_03,33,4,320,500,0.00106,697,0.885,0.8896,,
mu09_03,33,,,,,,,,320,77
mu09_03,34,1,80,33.9,0.00797,954,0.918,0.7777,,
mu09_03,34,2,160,19.1,0.00839,352,0.911,0.206,,
mu09_03,34,3,240,460.2,0.00785,410,0.867,0.2841,,
mu09_03,34,4,320,172.3,0.007,629,0.907,0.5849,,
mu09_03,34,5,400,167.1,0.00785,410,0.867,0.2841,,
mu09_03,34,6,480,195.5,0.00785,410,0.867,0.2841,,
mu09_03,34,7,560,197.5,0.00911,522,0.814,0.0967,,
mu09_03,34,8,640,147.3,0.00625,959,0.866,0.4182,,
mu09_03,34,9,720,144.2,0.00933,986,0.805,0.3594,,
mu09_03,34,10,800,365.6,0.00538,850,0.971,0.0125,,
mu09_03,34,11,880,328,0.00773,1014,0.928,0.8026,,
mu09_03,34,12,960,384.8,0.00601,949,0.979,0.3596,,
mu09_03,34,13,1040,283.1,0.00668,820,0.935,0.9059,,
mu09_03,34,14,1120,322.7,0.00093,912,0.955,0.0229,,
mu09_03,34,15,1200,144.6,0.00418,1019,0.869,0.9658,,
mu09_03,34,16,1280,176.4,0.00418,1019,0.869,0.9658,,
mu09_03,34,17,1360,152.3,0.00031,894,0.958,0.8245,,
mu09_03,34,18,1440,322.9,0.00544,1016,0.982,0.5664,,
mu09_03,34,19,1520,185.7,0.00799,1012,0.996,0.5087,,
mu09_03,34,20,1600,182.1,0.00412,1023,0.981,0.8391,,
mu09_03,34,21,1680,249.3,0.00584,752,0.962,0.9644,,
mu09_03,34,22,1760,161.6,0.00011,854,0.97,0.6035,,
mu09_03,34,23,1840,181.3,0.00044,503,0.996,0.591,,
mu09_03,34,24,1920,230.1,0.00786,987,0.957,0.9845,,
mu09_03,34,25,2000,222.4,0.00626,922,0.985,0.7975,,
mu09_03,34,26,2080,194.9,0.00768,992,0.977,0.9984,,
mu09_03,34,27,2160,133.4,0.00785,1021,0.954,0.9724,,
mu09_03,34,28,2240,141.8,0.01,965,0.98,0.9024,,
mu09_03,34,29,2320,500,0.0079,30,0.996,0.9987,,
mu09_03,34,,,,,,,,2320,677
,,,,,,,,,,
,,,,,,,,,,
cartpole_FW_Max48_ES_False_1_16_16_Mu09 = [,,,,,,,,,,
"    240, 400, 320, 640, 320, 560, 480, 640, 400, 560, 400, 320, 240, 240,",,,,,,,,,,
"    240, 400, 320, 320, 720, 400, 240, 480, 320, 400, 2400, 1760, 160,",,,,,,,,,,
"    2320, 1280, 1040, 480, 400, 320, 1040, 2960, 320, 640, 320, 960,",,,,,,,,,,
"    240, 2880, 480, 400, 400, 640, 2880, 400, 5200, 320, 320, 2880,",,,,,,,,,,
"    2400, 2000, 240, 1200, 400, 320, 320, 4160, 1520, 400, 400, 1360,",,,,,,,,,,
"    320, 960, 400, 1600, 400, 560, 1680, 400, 400, 400, 480, 320, 400,",,,,,,,,,,
"    480, 4720, 800, 320, 560, 1840, 2480, 480, 240, 1120, 320, 560,",,,,,,,,,,
"    640, 1440, 320, 400, 480, 2880, 2080, 960, 240, 320, 320, 2320",,,,,,,,,,
],,,,,,,,,,
,,,,,,,,,,
,,,,,,,,,,
,,,,,,,,,,
# --- Algorithm & Neural Network Configurations ---,,,,,,,,,,
,,,,,,,,,,
"logging: ""False""",,,,,,,,,,
,,,,,,,,,,
# Global exploration radius (max 0.5),,,,,,,,,,
search_radius: 0.5,,,,,,,,,,
,,,,,,,,,,
# Evaluation batch size (selection bottleneck),,,,,,,,,,
beta: 1,,,,,,,,,,
,,,,,,,,,,
# Stagnation limit for step-scaling,,,,,,,,,,
tau: 20,,,,,,,,,,
,,,,,,,,,,
# Zoom factor for constricting trust region,,,,,,,,,,
zeta: 2,,,,,,,,,,
,,,,,,,,,,
# Sliding window factor for pruning,,,,,,,,,,
Mu: 0.9,,,,,,,,,,
"# Maximum number of samples to be used in training. Use ""False"" if there is no maximum",,,,,,,,,,
max_samples: 48,,,,,,,,,,
,,,,,,,,,,
# Maximum allowed zoom multiplier,,,,,,,,,,
max_zoom: 64,,,,,,,,,,
,,,,,,,,,,
# Initial random samples for warm-up,,,,,,,,,,
rho: 3,,,,,,,,,,
,,,,,,,,,,
# Local sampling intensity,,,,,,,,,,
R_local: 10000,,,,,,,,,,
,,,,,,,,,,
# Locality factor (proximal radius),,,,,,,,,,
lambda: 0.02,,,,,,,,,,
,,,,,,,,,,
# Search grid resolution,,,,,,,,,,
base_scale: 10000,,,,,,,,,,
,,,,,,,,,,
# --- Extracted Surrogate NN Hyperparameters ---,,,,,,,,,,
,,,,,,,,,,
"nn_activation: ""relu""",,,,,,,,,,
nn_layers: 1,,,,,,,,,,
nn_nodes: 16,,,,,,,,,,
nn_learning_rate: 0.0008,,,,,,,,,,
nn_batch_size: 16,,,,,,,,,,
,,,,,,,,,,
# Use early stopping in the surrogate training instead of number of epochs,,,,,,,,,,
"early_stopping: ""False""",,,,,,,,,,
,,,,,,,,,,
# Epochs when data < 1000,,,,,,,,,,
nn_epochs_early: 200,,,,,,,,,,
,,,,,,,,,,
# Epochs when data >= 1000,,,,,,,,,,
nn_epochs_late: 400,,,,,,,,,,
,,,,,,,,,,
# Forces TF to use CPU (avoids GPU memory overhead for small NNs),,,,,,,,,,
"force_cpu: ""True""",,,,,,,,,,
