experiment_id,run_iteration,gen,total_episodes,score,lr,batch_size,gamma,epsilon,Max Iteration Episode,Iteration time
batch4_C2,1,1,80,9.65,0.00473,506,0.907,0.0147,,
batch4_C2,1,2,160,11.9,0.00443,507,0.861,0.9467,,
batch4_C2,1,3,240,211.35,0.00656,380,0.987,0.5451,,
batch4_C2,1,4,320,500,0.00092,960,0.971,0.6166,,
batch4_C2,1,,,,,,,,320,88
batch4_C2,2,1,80,11.9,0.0062,845,0.838,0.832,,
batch4_C2,2,2,160,23.65,0.00155,521,0.952,0.8501,,
batch4_C2,2,3,240,499.75,0.00667,733,0.81,0.3823,,
batch4_C2,2,4,320,500,0.00686,1016,0.912,0.6063,,
batch4_C2,2,,,,,,,,320,110
batch4_C2,3,1,80,13.6,0.00704,80,0.96,0.6976,,
batch4_C2,3,2,160,23.1,0.00538,540,0.916,0.7914,,
batch4_C2,3,3,240,500,0.00071,527,0.97,0.3699,,
batch4_C2,3,,,,,,,,240,50
batch4_C2,4,1,80,10.9,0.00268,545,0.826,0.0423,,
batch4_C2,4,2,160,11.6,0.00178,410,0.96,0.7933,,
batch4_C2,4,3,240,376.3,0.00178,410,0.96,0.7933,,
batch4_C2,4,4,320,135.15,0.0075,751,0.9,0.5514,,
batch4_C2,4,5,400,286.9,0.00999,775,0.934,0.9275,,
batch4_C2,4,6,480,347.3,0.00113,130,0.909,0.9588,,
batch4_C2,4,7,560,500,0.00773,575,0.966,0.9953,,
batch4_C2,4,,,,,,,,560,178
batch4_C2,5,1,80,13.15,0.00359,282,0.876,0.5492,,
batch4_C2,5,2,160,475.85,0.00313,873,0.974,0.484,,
batch4_C2,5,3,240,86.5,0.00405,344,0.975,0.1921,,
batch4_C2,5,4,320,500,0.0029,837,0.862,0.5401,,
batch4_C2,5,,,,,,,,320,110
batch4_C2,6,1,80,62.4,0.0033,248,0.893,0.2582,,
batch4_C2,6,2,160,33.75,0.0003,87,0.992,0.6733,,
batch4_C2,6,3,240,412.75,0.00072,545,0.807,0.8718,,
batch4_C2,6,4,320,439.25,0.00011,555,0.868,0.6724,,
batch4_C2,6,5,400,500,0.00011,555,0.868,0.6724,,
batch4_C2,6,,,,,,,,400,174
batch4_C2,7,1,80,12.6,0.00588,549,0.904,0.7555,,
batch4_C2,7,2,160,15.15,0.00725,971,0.975,0.7497,,
batch4_C2,7,3,240,181.7,0.00588,549,0.904,0.7555,,
batch4_C2,7,4,320,418.6,0.00195,901,0.878,0.614,,
batch4_C2,7,5,400,185.55,0.00195,901,0.878,0.614,,
batch4_C2,7,6,480,500,0.00036,292,0.953,0.9163,,
batch4_C2,7,,,,,,,,480,143
batch4_C2,8,1,80,47.6,0.00904,548,0.902,0.353,,
batch4_C2,8,2,160,24.1,0.00822,831,0.929,0.7217,,
batch4_C2,8,3,240,165.55,0.00487,906,0.921,0.7859,,
batch4_C2,8,4,320,268.8,0.00593,642,0.9,0.4767,,
batch4_C2,8,5,400,192.35,0.00596,911,0.97,0.9633,,
batch4_C2,8,6,480,261.1,0.00793,392,0.971,0.5404,,
batch4_C2,8,7,560,478.6,0.00426,93,0.958,0.0455,,
batch4_C2,8,8,640,388.35,0.00087,235,0.929,0.3728,,
batch4_C2,8,9,720,500,0.00055,214,0.97,0.5052,,
batch4_C2,8,,,,,,,,720,322
batch4_C2,9,1,80,46.75,0.00988,761,0.879,0.1366,,
batch4_C2,9,2,160,31.15,0.00651,441,0.903,0.784,,
batch4_C2,9,3,240,94.75,0.00651,441,0.903,0.784,,
batch4_C2,9,4,320,500,0.00281,65,0.841,0.5853,,
batch4_C2,9,,,,,,,,320,88
batch4_C1,1,1,80,21.85,0.00774,290,0.97,0.1684,,
batch4_C1,1,2,160,136.35,0.00726,667,0.977,0.0126,,
batch4_C1,1,3,240,158.45,0.00726,667,0.977,0.0126,,
batch4_C1,1,4,320,147.95,0.01,585,0.908,0.9291,,
batch4_C1,1,5,400,126.25,0.00571,926,0.927,0.3315,,
batch4_C1,1,6,480,116.75,0.00421,716,0.956,0.7366,,
batch4_C1,1,7,560,168.25,0.00629,969,0.955,0.8652,,
batch4_C1,1,8,640,125.4,0.00413,938,0.92,0.8192,,
batch4_C1,1,9,720,153.1,0.0085,811,0.945,0.6734,,
batch4_C1,1,10,800,154.5,0.00602,916,0.984,0.8501,,
batch4_C1,1,11,880,139.1,0.00313,948,0.82,0.3963,,
batch4_C1,1,12,960,151.9,0.00021,1023,0.819,0.4434,,
batch4_C1,1,13,1040,133.8,0.00084,793,0.82,0.7669,,
batch4_C1,1,14,1120,144.95,0.0086,963,0.963,0.1842,,
batch4_C1,1,15,1200,203.55,0.00519,984,0.802,0.0715,,
batch4_C1,1,16,1280,146.65,0.00265,996,0.841,0.2138,,
batch4_C1,1,17,1360,211.2,0.00265,996,0.841,0.2138,,
batch4_C1,1,18,1440,150.8,0.00452,951,0.824,0.0111,,
batch4_C1,1,19,1520,134,0.00849,342,0.974,0.0103,,
batch4_C1,1,20,1600,280.25,0.00726,880,0.97,0.9914,,
batch4_C1,1,21,1680,171.85,0.0052,1023,0.877,0.9742,,
batch4_C1,1,22,1760,190.25,0.00023,936,0.854,0.6086,,
batch4_C1,1,23,1840,150.35,0.0097,645,0.985,0.8948,,
batch4_C1,1,24,1920,196.8,0.00424,367,0.993,0.9126,,
batch4_C1,1,25,2000,389,0.00515,292,0.959,0.9817,,
batch4_C1,1,26,2080,318.6,0.00365,570,0.931,0.9434,,
batch4_C1,1,27,2160,249.95,0.00573,591,0.932,0.9861,,
batch4_C1,1,28,2240,328.65,0.00103,921,0.998,0.9721,,
batch4_C1,1,29,2320,313.3,0.00101,692,0.945,0.9871,,
batch4_C1,1,30,2400,288.45,0.00059,724,0.928,0.946,,
batch4_C1,1,31,2480,377.65,0.00013,731,0.966,0.9203,,
batch4_C1,1,32,2560,455.4,0.00013,731,0.966,0.9203,,
batch4_C1,1,33,2640,446.3,0.00012,955,0.993,0.8758,,
batch4_C1,1,34,2720,492.65,0.00012,955,0.993,0.8758,,
batch4_C1,1,35,2800,500,0.00013,731,0.966,0.9203,,
batch4_C1,1,,,,,,,,2800,1510
batch4_C1,2,1,80,52.7,0.00842,53,0.915,0.0632,,
batch4_C1,2,2,160,460.65,0.00369,407,0.967,0.9005,,
batch4_C1,2,3,240,500,0.00369,407,0.967,0.9005,,
batch4_C1,2,,,,,,,,240,50
batch4_C1,3,1,80,17,0.00553,814,0.803,0.9962,,
batch4_C1,3,2,160,57.35,0.00816,181,0.809,0.7204,,
batch4_C1,3,3,240,113.95,0.00945,375,0.864,0.0649,,
batch4_C1,3,4,320,240.7,0.00945,375,0.864,0.0649,,
batch4_C1,3,5,400,327.9,0.00622,969,0.934,0.753,,
batch4_C1,3,6,480,370.25,0.00117,787,0.824,0.048,,
batch4_C1,3,7,560,332.9,0.00117,787,0.824,0.048,,
batch4_C1,3,8,640,203.65,0.00176,903,0.85,0.0101,,
batch4_C1,3,9,720,392.8,0.00176,903,0.85,0.0101,,
batch4_C1,3,10,800,357,0.00293,798,0.835,0.4256,,
batch4_C1,3,11,880,428.55,0.00018,862,0.937,0.0529,,
batch4_C1,3,12,960,243.3,0.00044,951,0.862,0.1515,,
batch4_C1,3,13,1040,419.55,0.00705,150,0.81,0.3372,,
batch4_C1,3,14,1120,311.9,0.00705,150,0.81,0.3372,,
batch4_C1,3,15,1200,219.7,0.00079,178,0.984,0.9529,,
batch4_C1,3,16,1280,259.2,0.00023,29,0.996,0.2435,,
batch4_C1,3,17,1360,358.9,0.00023,29,0.996,0.2435,,
batch4_C1,3,18,1440,210.05,0.00011,57,0.972,0.3652,,
batch4_C1,3,19,1520,500,0.00011,57,0.972,0.3652,,
batch4_C1,3,,,,,,,,1520,937
batch4_C1,4,1,80,14.65,0.0062,686,0.89,0.4173,,
batch4_C1,4,2,160,16.05,0.00565,402,0.949,0.9445,,
batch4_C1,4,3,240,500,0.00661,247,0.98,0.8893,,
batch4_C1,4,,,,,,,,240,42
batch4_C2,10,1,80,15.1,0.00179,53,0.982,0.7952,,
batch4_C2,10,2,160,45.6,0.00504,437,0.871,0.8756,,
batch4_C2,10,3,240,240.05,0.00504,437,0.871,0.8756,,
batch4_C2,10,4,320,240.25,0.00637,434,0.885,0.2336,,
batch4_C2,10,5,400,136.6,0.00273,114,0.959,0.3773,,
batch4_C2,10,6,480,138.7,0.00273,114,0.959,0.3773,,
batch4_C2,10,7,560,165.75,0.00273,114,0.959,0.3773,,
batch4_C2,10,8,640,253.05,0.00412,1018,0.863,0.3471,,
batch4_C2,10,9,720,341.2,0.00714,910,0.816,0.0261,,
batch4_C2,10,10,800,292.25,0.00517,804,0.838,0.0357,,
batch4_C2,10,11,880,493,0.00554,243,0.986,0.3077,,
batch4_C2,10,12,960,490.6,0.00326,953,0.946,0.1179,,
batch4_C2,10,13,1040,453.05,0.00238,700,0.924,0.1179,,
batch4_C2,10,14,1120,377.65,0.00283,968,0.948,0.1761,,
batch4_C2,10,15,1200,403.8,0.00366,952,0.899,0.1749,,
batch4_C2,10,16,1280,224.65,0.00137,873,0.974,0.1897,,
batch4_C2,10,17,1360,456.8,0.00089,838,0.963,0.4658,,
batch4_C2,10,18,1440,310.6,0.00053,580,0.939,0.9828,,
batch4_C2,10,19,1520,274.35,0.00102,243,0.97,0.9224,,
batch4_C2,10,20,1600,295.65,0.00068,129,0.977,0.8232,,
batch4_C2,10,21,1680,278.9,0.00013,937,0.94,0.9823,,
batch4_C2,10,22,1760,306.25,0.00013,937,0.94,0.9823,,
batch4_C2,10,23,1840,385.35,0.00013,937,0.94,0.9823,,
batch4_C2,10,24,1920,341.1,0.00012,733,0.94,0.7687,,
batch4_C2,10,25,2000,370.5,0.00055,518,0.999,0.9155,,
batch4_C2,10,26,2080,419.4,0.00016,630,0.999,0.7302,,
batch4_C2,10,27,2160,500,0.00046,50,0.983,0.0891,,
batch4_C2,10,,,,,,,,2160,1342
batch4_C1,5,1,80,23.45,0.00241,155,0.879,0.2539,,
batch4_C1,5,2,160,19.3,0.00781,961,0.845,0.7548,,
batch4_C1,5,3,240,295.8,0.00085,632,0.816,0.8801,,
batch4_C1,5,4,320,450.95,0.00023,725,0.865,0.9012,,
batch4_C1,5,5,400,500,0.00011,1021,0.931,0.4902,,
batch4_C1,5,,,,,,,,400,140
batch4_C2,11,1,80,9.9,0.00274,227,0.86,0.3323,,
batch4_C2,11,2,160,13.4,0.00054,842,0.804,0.7879,,
batch4_C2,11,3,240,75,0.00737,742,0.831,0.8176,,
batch4_C2,11,4,320,336.85,0.00644,961,0.945,0.6684,,
batch4_C2,11,5,400,253.1,0.00929,903,0.907,0.9999,,
batch4_C2,11,6,480,500,0.00966,544,0.963,0.881,,
batch4_C2,11,,,,,,,,480,146
batch4_C1,6,1,80,12.65,0.00701,532,0.828,0.7011,,
batch4_C1,6,2,160,55.05,0.00886,1001,0.916,0.4404,,
batch4_C1,6,3,240,188,0.00162,351,0.999,0.7785,,
batch4_C1,6,4,320,500,0.00571,186,0.99,0.6066,,
batch4_C1,6,,,,,,,,320,80
batch4_C2,12,1,80,22.95,0.00686,680,0.955,0.8043,,
batch4_C2,12,2,160,35.9,0.00635,661,0.916,0.7623,,
batch4_C2,12,3,240,248,0.00982,793,0.935,0.4314,,
batch4_C2,12,4,320,497.7,0.00353,288,0.93,0.2571,,
batch4_C2,12,5,400,473.2,0.00743,248,0.947,0.092,,
batch4_C2,12,6,480,383.4,0.00132,88,0.912,0.6794,,
batch4_C2,12,7,560,500,0.00159,26,0.989,0.0748,,
batch4_C2,12,,,,,,,,560,286
batch4_C1,7,1,80,14.45,0.00635,96,0.969,0.4091,,
batch4_C1,7,2,160,392.35,0.00084,697,0.882,0.7703,,
batch4_C1,7,3,240,132.5,0.00266,776,0.894,1,,
batch4_C1,7,4,320,407.8,0.00023,820,0.858,0.2964,,
batch4_C1,7,5,400,195.35,0.00077,387,0.978,0.8608,,
batch4_C1,7,6,480,296.4,0.00077,387,0.978,0.8608,,
batch4_C1,7,7,560,350.2,0.00407,614,0.965,0.5492,,
batch4_C1,7,8,640,332.7,0.00109,215,0.974,0.7555,,
batch4_C1,7,9,720,500,0.00533,439,0.972,0.5396,,
batch4_C1,7,,,,,,,,720,363
batch4_C1,8,1,80,59.8,0.00967,625,0.872,0.3931,,
batch4_C1,8,2,160,101.75,0.00428,564,0.813,0.8614,,
batch4_C1,8,3,240,219.6,0.00035,1006,0.801,0.6549,,
batch4_C1,8,4,320,500,0.00035,1006,0.801,0.6549,,
batch4_C1,8,,,,,,,,320,120
batch4_C2,13,1,80,29.75,0.00552,967,0.952,0.2234,,
batch4_C2,13,2,160,40,0.00974,835,0.865,0.802,,
batch4_C2,13,3,240,119.05,0.01,556,0.893,0.0607,,
batch4_C2,13,4,320,212.45,0.00837,463,0.839,0.437,,
batch4_C2,13,5,400,230.65,0.00175,897,0.812,0.8022,,
batch4_C2,13,6,480,308.15,0.00092,702,0.863,0.5692,,
batch4_C2,13,7,560,423.7,0.002,986,0.996,0.1836,,
batch4_C2,13,8,640,402.05,0.00651,209,0.987,0.2167,,
batch4_C2,13,9,720,500,0.002,986,0.996,0.1836,,
batch4_C2,13,,,,,,,,720,402
batch4_C1,9,1,80,16.15,0.00999,713,0.841,0.2074,,
batch4_C1,9,2,160,55,0.00609,724,0.867,0.9776,,
batch4_C1,9,3,240,180.85,0.00081,828,0.838,0.9999,,
batch4_C1,9,4,320,316.4,0.00488,912,0.887,0.8458,,
batch4_C1,9,5,400,429.4,0.00718,885,0.908,0.9496,,
batch4_C1,9,6,480,400.85,0.00718,885,0.908,0.9496,,
batch4_C1,9,7,560,167.3,0.00403,657,0.988,0.2158,,
batch4_C1,9,8,640,183.65,0.00877,1012,0.834,0.4465,,
batch4_C1,9,9,720,221.9,0.00663,544,0.86,0.6507,,
batch4_C1,9,10,800,156,0.00045,688,0.82,0.3382,,
batch4_C1,9,11,880,177.75,0.00252,859,0.995,0.6145,,
batch4_C1,9,12,960,500,0.00837,247,0.938,0.9147,,
batch4_C1,9,,,,,,,,960,444
batch4_C1,10,1,80,15.8,0.0058,205,0.933,0.9781,,
batch4_C1,10,2,160,67.25,0.00354,420,0.81,0.438,,
batch4_C1,10,3,240,493.7,0.00338,1014,0.891,0.716,,
batch4_C1,10,4,320,500,0.00338,1014,0.891,0.716,,
batch4_C1,10,,,,,,,,320,117
batch4_C1,11,1,80,9.7,0.00489,814,0.916,0.8618,,
batch4_C1,11,2,160,23.55,0.00676,547,0.91,0.5673,,
batch4_C1,11,3,240,300.5,0.00777,931,0.968,0.8502,,
batch4_C1,11,4,320,191.25,0.00062,872,0.904,0.394,,
batch4_C1,11,5,400,195.65,0.0002,597,0.968,0.9914,,
batch4_C1,11,6,480,244.7,0.0002,597,0.968,0.9914,,
batch4_C1,11,7,560,489.45,0.0002,597,0.968,0.9914,,
batch4_C1,11,8,640,415.2,0.0002,597,0.968,0.9914,,
batch4_C1,11,9,720,293.45,0.0002,597,0.968,0.9914,,
batch4_C1,11,10,800,327.3,0.00113,183,0.908,0.9299,,
batch4_C1,11,11,880,474.35,0.00822,152,0.806,0.7608,,
batch4_C1,11,12,960,500,0.00052,349,0.981,0.9674,,
batch4_C1,11,,,,,,,,960,387
batch4_C1,12,1,80,32.15,0.00297,405,0.935,0.125,,
batch4_C1,12,2,160,237.3,0.00915,863,0.847,0.2483,,
batch4_C1,12,3,240,247.2,0.00998,304,0.931,0.8387,,
batch4_C1,12,4,320,221.45,0.00951,569,0.825,0.4887,,
batch4_C1,12,5,400,213.2,0.00468,514,0.804,0.4288,,
batch4_C1,12,6,480,169.15,0.00893,786,0.9,0.5737,,
batch4_C1,12,7,560,305.75,0.00789,802,0.935,0.2641,,
batch4_C1,12,8,640,500,0.0019,897,0.892,0.9741,,
batch4_C1,12,,,,,,,,640,248
batch4_C2,14,1,80,28.3,0.0084,841,0.815,0.946,,
batch4_C2,14,2,160,21.55,0.0084,841,0.815,0.946,,
batch4_C2,14,3,240,93.4,0.00812,451,0.839,0.6212,,
batch4_C2,14,4,320,159.35,0.00812,451,0.839,0.6212,,
batch4_C2,14,5,400,240.25,0.00979,403,0.874,0.5522,,
batch4_C2,14,6,480,112.7,0.00875,1022,0.867,0.179,,
batch4_C2,14,7,560,464.15,0.00635,619,0.894,0.0512,,
batch4_C2,14,8,640,433.85,0.00986,606,0.919,0.0924,,
batch4_C2,14,9,720,346.45,0.00875,1022,0.867,0.179,,
batch4_C2,14,10,800,391.05,0.00999,1009,0.875,0.1531,,
batch4_C2,14,11,880,432.3,0.00015,401,0.993,0.9188,,
batch4_C2,14,12,960,482.55,0.00015,401,0.993,0.9188,,
batch4_C2,14,13,1040,325.7,0.00015,401,0.993,0.9188,,
batch4_C2,14,14,1120,452.7,0.00095,427,0.914,0.7064,,
batch4_C2,14,15,1200,484.2,0.00216,308,0.965,0.9997,,
batch4_C2,14,16,1280,315.75,0.0023,980,0.9,0.8504,,
batch4_C2,14,17,1360,449.95,0.00167,578,0.995,0.9997,,
batch4_C2,14,18,1440,460,0.00795,325,0.953,0.8826,,
batch4_C2,14,19,1520,229.25,0.00795,325,0.953,0.8826,,
batch4_C2,14,20,1600,315.6,0.00579,238,0.906,0.9568,,
batch4_C2,14,21,1680,349.75,0.0008,395,0.961,0.7755,,
batch4_C2,14,22,1760,435.15,0.00022,966,0.987,0.6265,,
batch4_C2,14,23,1840,481.55,0.0007,1023,0.966,0.7826,,
batch4_C2,14,24,1920,494.7,0.00054,943,0.912,0.7518,,
batch4_C2,14,25,2000,500,0.00021,822,0.991,0.818,,
batch4_C2,14,,,,,,,,2000,1226
batch4_C1,13,1,80,20.35,0.00781,952,0.918,0.4654,,
batch4_C1,13,2,160,152.65,0.00675,642,0.898,0.0903,,
batch4_C1,13,3,240,154.35,0.00675,642,0.898,0.0903,,
batch4_C1,13,4,320,139.3,0.00858,174,0.808,0.867,,
batch4_C1,13,5,400,145.7,0.00189,1013,0.846,0.1076,,
batch4_C1,13,6,480,335.75,0.0072,407,0.874,0.6312,,
batch4_C1,13,7,560,469.55,0.00489,304,0.896,0.8501,,
batch4_C1,13,8,640,469.55,0.00026,244,0.941,0.9165,,
batch4_C1,13,9,720,479.3,0.00026,244,0.941,0.9165,,
batch4_C1,13,10,800,500,0.00062,209,0.941,0.7609,,
batch4_C1,13,,,,,,,,800,368
batch4_C2,15,1,80,13.85,0.00347,346,0.81,0.8917,,
batch4_C2,15,2,160,129.85,0.0012,306,0.822,0.8607,,
batch4_C2,15,3,240,278.85,0.00512,944,0.87,0.5239,,
batch4_C2,15,4,320,257.2,0.00512,944,0.87,0.5239,,
batch4_C2,15,5,400,202.4,0.00512,944,0.87,0.5239,,
batch4_C2,15,6,480,372.25,0.00586,656,0.815,0.0102,,
batch4_C2,15,7,560,488.65,0.00353,877,0.986,0.4532,,
batch4_C2,15,8,640,458.6,0.00353,877,0.986,0.4532,,
batch4_C2,15,9,720,383.6,0.00353,877,0.986,0.4532,,
batch4_C2,15,10,800,302,0.00565,899,0.915,0.4283,,
batch4_C2,15,11,880,183.75,0.00559,113,0.996,0.5009,,
batch4_C2,15,12,960,223.85,0.00372,952,0.948,0.5017,,
batch4_C2,15,13,1040,397.05,0.00781,791,0.812,0.1716,,
batch4_C2,15,14,1120,188.45,0.00781,791,0.812,0.1716,,
batch4_C2,15,15,1200,369.95,0.00738,796,0.8,0.2572,,
batch4_C2,15,16,1280,290.55,0.00121,665,0.983,0.1421,,
batch4_C2,15,17,1360,341.35,0.00121,665,0.983,0.1421,,
batch4_C2,15,18,1440,348.05,0.00069,733,0.983,0.3689,,
batch4_C2,15,19,1520,412.45,0.0005,937,0.978,0.7831,,
batch4_C2,15,20,1600,500,0.00011,911,0.999,0.3637,,
batch4_C2,15,,,,,,,,1600,1003
batch4_C2,16,1,80,11.05,0.00383,758,0.802,0.6956,,
batch4_C2,16,2,160,32.3,0.00383,758,0.802,0.6956,,
batch4_C2,16,3,240,200.7,0.00261,433,0.851,0.8428,,
batch4_C2,16,4,320,259.55,0.00585,962,0.878,0.1169,,
batch4_C2,16,5,400,190.95,0.00569,511,0.936,0.1905,,
batch4_C2,16,6,480,448.55,0.00384,371,0.981,0.4334,,
batch4_C2,16,7,560,188.9,0.00503,471,0.996,0.1666,,
batch4_C2,16,8,640,203.95,0.00079,326,0.808,0.9808,,
batch4_C2,16,9,720,163.7,0.00463,352,0.977,0.7541,,
batch4_C2,16,10,800,151.9,0.00198,585,0.927,0.943,,
batch4_C2,16,11,880,118.55,0.00919,886,0.804,0.9888,,
batch4_C2,16,12,960,220.8,0.00506,495,0.883,0.9186,,
batch4_C2,16,13,1040,180.5,0.00041,933,0.934,0.9333,,
batch4_C2,16,14,1120,224.2,0.00157,702,0.895,0.894,,
batch4_C2,16,15,1200,152.3,0.00023,803,0.935,0.9502,,
batch4_C2,16,16,1280,194.45,0.00023,803,0.935,0.9502,,
batch4_C2,16,17,1360,417,0.0099,359,0.971,0.0164,,
batch4_C2,16,18,1440,334.35,0.00968,287,0.995,0.074,,
batch4_C2,16,19,1520,500,0.00881,680,0.999,0.1866,,
batch4_C2,16,,,,,,,,1520,772
batch4_C2,17,1,80,11,0.00043,641,0.905,0.7717,,
batch4_C2,17,2,160,14.45,0.00108,177,0.831,0.5711,,
batch4_C2,17,3,240,97.35,0.00123,180,0.881,0.9521,,
batch4_C2,17,4,320,466.65,0.00611,683,0.807,0.6139,,
batch4_C2,17,5,400,252.4,0.00123,180,0.881,0.9521,,
batch4_C2,17,6,480,266.8,0.00123,180,0.881,0.9521,,
batch4_C2,17,7,560,331.4,0.00123,180,0.881,0.9521,,
batch4_C2,17,8,640,500,0.00366,75,0.999,0.7779,,
batch4_C2,17,,,,,,,,640,293
batch4_C1,14,1,80,12.05,0.00763,342,0.87,0.558,,
batch4_C1,14,2,160,35.2,0.00712,67,0.885,0.6705,,
batch4_C1,14,3,240,229.75,0.00133,550,0.81,0.0288,,
batch4_C1,14,4,320,469.8,0.00133,550,0.81,0.0288,,
batch4_C1,14,5,400,176.05,0.00491,971,0.8,0.2046,,
batch4_C1,14,6,480,229.5,0.00037,973,0.912,0.0229,,
batch4_C1,14,7,560,176.7,0.00067,601,0.836,0.3169,,
batch4_C1,14,8,640,223.65,0.00082,836,0.914,0.8394,,
batch4_C1,14,9,720,206.75,0.00159,393,0.859,0.92,,
batch4_C1,14,10,800,148.65,0.00019,397,0.857,0.3597,,
batch4_C1,14,11,880,121.95,0.00477,940,0.882,0.6669,,
batch4_C1,14,12,960,179.15,0.00667,195,0.808,0.3032,,
batch4_C1,14,13,1040,163.05,0.00019,397,0.857,0.3597,,
batch4_C1,14,14,1120,175.95,0.00019,397,0.857,0.3597,,
batch4_C1,14,15,1200,219.55,0.00019,397,0.857,0.3597,,
batch4_C1,14,16,1280,185.9,0.00104,371,0.881,0.5642,,
batch4_C1,14,17,1360,157.05,0.00092,217,0.914,0.2751,,
batch4_C1,14,18,1440,155.3,0.00092,217,0.914,0.2751,,
batch4_C1,14,19,1520,187.25,0.00133,654,0.973,0.496,,
batch4_C1,14,20,1600,265.55,0.00085,1000,0.971,0.2689,,
batch4_C1,14,21,1680,227.05,0.00085,1000,0.971,0.2689,,
batch4_C1,14,22,1760,245,0.00065,751,0.952,0.3858,,
batch4_C1,14,23,1840,126.9,0.00151,839,0.838,0.0515,,
batch4_C1,14,24,1920,493.2,0.00055,962,0.981,0.397,,
batch4_C1,14,25,2000,488.8,0.00055,962,0.981,0.397,,
batch4_C1,14,26,2080,257.05,0.00055,962,0.981,0.397,,
batch4_C1,14,27,2160,295.8,0.00131,1023,0.971,0.3347,,
batch4_C1,14,28,2240,212.1,0.00015,784,0.999,0.2488,,
batch4_C1,14,29,2320,277.8,0.00098,989,0.999,0.4644,,
batch4_C1,14,30,2400,410.8,0.00025,668,0.993,0.939,,
batch4_C1,14,31,2480,325.8,0.00027,406,0.972,0.3652,,
batch4_C1,14,32,2560,482.05,0.0003,510,0.993,0.4868,,
batch4_C1,14,33,2640,497.45,0.00027,406,0.972,0.3652,,
batch4_C1,14,34,2720,473.15,0.00999,1012,0.989,0.621,,
batch4_C1,14,35,2800,494.65,0.0003,510,0.993,0.4868,,
batch4_C1,14,36,2880,500,0.0003,510,0.993,0.4868,,
batch4_C1,14,,,,,,,,2880,1963
batch4_C1,15,1,80,10.2,0.00904,315,0.917,0.4718,,
batch4_C1,15,2,160,20.35,0.00911,27,0.845,0.4308,,
batch4_C1,15,3,240,293.15,0.00904,315,0.917,0.4718,,
batch4_C1,15,4,320,500,0.0061,414,0.991,0.6492,,
batch4_C1,15,,,,,,,,320,112
batch4_C2,18,1,80,20.25,0.00299,344,0.897,0.4745,,
batch4_C2,18,2,160,33.55,0.00404,570,0.811,0.9329,,
batch4_C2,18,3,240,274.75,0.00488,597,0.82,0.84,,
batch4_C2,18,4,320,469.85,0.00161,234,0.85,0.5515,,
batch4_C2,18,5,400,500,0.00076,363,0.978,0.5295,,
batch4_C2,18,,,,,,,,400,159
batch4_C2,19,1,80,21.3,0.00669,420,0.951,0.1564,,
batch4_C2,19,2,160,53.35,0.00457,909,0.835,0.2184,,
batch4_C2,19,3,240,500,0.0057,289,0.991,0.1137,,
batch4_C2,19,,,,,,,,240,78
batch4_C1,16,1,80,12.65,0.00171,609,0.947,0.4294,,
batch4_C1,16,2,160,19.4,0.00625,1024,0.914,0.776,,
batch4_C1,16,3,240,192.1,0.00171,609,0.947,0.4294,,
batch4_C1,16,4,320,139.45,0.00075,542,0.939,0.8906,,
batch4_C1,16,5,400,228.2,0.00021,90,0.985,0.7407,,
batch4_C1,16,6,480,500,0.00021,90,0.985,0.7407,,
batch4_C1,16,,,,,,,,480,217
batch4_C1,17,1,80,12.5,0.00524,716,0.953,0.4036,,
batch4_C1,17,2,160,132.85,0.00996,831,0.863,0.8682,,
batch4_C1,17,3,240,163.85,0.00384,22,0.982,0.1061,,
batch4_C1,17,4,320,246.05,0.0048,208,0.808,0.9996,,
batch4_C1,17,5,400,273.55,0.00233,637,0.999,0.7894,,
batch4_C1,17,6,480,500,0.006,76,0.846,0.9082,,
batch4_C1,17,,,,,,,,480,188
batch4_C2,20,1,80,10.6,0.00071,307,0.978,0.7048,,
batch4_C2,20,2,160,124.25,0.00833,346,0.958,0.4332,,
batch4_C2,20,3,240,190.75,0.00935,518,0.877,0.8634,,
batch4_C2,20,4,320,475.4,0.00971,349,0.898,0.116,,
batch4_C2,20,5,400,237.45,0.00142,507,0.93,0.7629,,
batch4_C2,20,6,480,452.2,0.00931,316,0.955,0.0936,,
batch4_C2,20,7,560,431.5,0.00756,790,0.97,0.0992,,
batch4_C2,20,8,640,500,0.00325,877,0.966,0.4875,,
batch4_C2,20,,,,,,,,640,376
batch4_C2,21,1,80,10.35,0.00358,873,0.983,0.4175,,
batch4_C2,21,2,160,62.85,0.00396,976,0.859,0.7831,,
batch4_C2,21,3,240,348.1,0.00358,873,0.983,0.4175,,
batch4_C2,21,4,320,205.3,0.00041,420,0.858,0.9411,,
batch4_C2,21,5,400,159.4,0.00041,420,0.858,0.9411,,
batch4_C2,21,6,480,240,0.00016,75,0.985,0.5399,,
batch4_C2,21,7,560,500,0.00999,366,0.812,0.0581,,
batch4_C2,21,,,,,,,,560,269
batch4_C2,22,1,80,34.75,0.00397,66,0.874,0.3573,,
batch4_C2,22,2,160,24.1,0.00899,790,0.869,0.6465,,
batch4_C2,22,3,240,74.3,0.00118,168,0.949,0.8125,,
batch4_C2,22,4,320,149.05,0.00237,835,0.807,0.4561,,
batch4_C2,22,5,400,107.7,0.00468,428,0.984,0.2826,,
batch4_C2,22,6,480,187.8,0.00261,815,0.933,0.1818,,
batch4_C2,22,7,560,217.15,0.00673,292,0.995,0.2576,,
batch4_C2,22,8,640,288.05,0.00673,292,0.995,0.2576,,
batch4_C2,22,9,720,239.05,0.00142,872,0.942,0.7583,,
batch4_C2,22,10,800,193.7,0.00018,613,0.899,0.8126,,
batch4_C2,22,11,880,469.1,0.00342,770,0.967,0.6979,,
batch4_C2,22,12,960,418.2,0.00303,838,0.949,0.8462,,
batch4_C2,22,13,1040,500,0.00199,451,0.942,0.684,,
batch4_C2,22,,,,,,,,1040,559
batch4_C2,23,1,80,11.35,0.00597,676,0.854,0.6244,,
batch4_C2,23,2,160,23.65,0.00134,979,0.9,0.8955,,
batch4_C2,23,3,240,260.15,0.00134,979,0.9,0.8955,,
batch4_C2,23,4,320,500,0.00134,979,0.9,0.8955,,
batch4_C2,23,,,,,,,,320,133
batch4_C1,18,1,80,10.45,0.00341,970,0.948,0.811,,
batch4_C1,18,2,160,79.35,0.00375,834,0.893,0.5892,,
batch4_C1,18,3,240,226.45,0.00374,865,0.899,0.7583,,
batch4_C1,18,4,320,199.9,0.00374,865,0.899,0.7583,,
batch4_C1,18,5,400,126.8,0.00063,639,0.926,0.8715,,
batch4_C1,18,6,480,120.2,0.00166,246,0.946,0.9287,,
batch4_C1,18,7,560,182.6,0.00166,246,0.946,0.9287,,
batch4_C1,18,8,640,109.55,0.00367,284,0.835,0.9343,,
batch4_C1,18,9,720,152.15,0.00925,464,0.881,0.8814,,
batch4_C1,18,10,800,119.75,0.00937,311,0.929,0.6297,,
batch4_C1,18,11,880,470.95,0.00937,311,0.929,0.6297,,
batch4_C1,18,12,960,227.95,0.00958,193,0.9,0.8774,,
batch4_C1,18,13,1040,322.65,0.00667,231,0.888,0.463,,
batch4_C1,18,14,1120,110.5,0.00764,323,0.876,0.5473,,
batch4_C1,18,15,1200,115,0.00356,246,0.886,0.4485,,
batch4_C1,18,16,1280,177.4,0.00606,184,0.948,0.3772,,
batch4_C1,18,17,1360,200.7,0.00252,219,0.984,0.533,,
batch4_C1,18,18,1440,243.2,0.00294,92,0.975,0.3518,,
batch4_C1,18,19,1520,373.1,0.00325,316,0.984,0.2862,,
batch4_C1,18,20,1600,464.05,0.00272,316,0.94,0.2322,,
batch4_C1,18,21,1680,274.95,0.00268,361,0.968,0.2005,,
batch4_C1,18,22,1760,242.4,0.00245,335,0.982,0.3626,,
batch4_C1,18,23,1840,252.25,0.00361,322,0.996,0.4565,,
batch4_C1,18,24,1920,490.5,0.00322,44,0.995,0.5716,,
batch4_C1,18,25,2000,407.9,0.00361,322,0.996,0.4565,,
batch4_C1,18,26,2080,317.05,0.00474,119,0.962,0.8644,,
batch4_C1,18,27,2160,296.9,0.00094,72,0.811,0.9422,,
batch4_C1,18,28,2240,248.85,0.00094,72,0.811,0.9422,,
batch4_C1,18,29,2320,273.4,0.00377,67,0.972,0.5685,,
batch4_C1,18,30,2400,311.6,0.00413,83,0.924,0.5096,,
batch4_C1,18,31,2480,347.5,0.00152,158,0.803,0.707,,
batch4_C1,18,32,2560,500,0.00366,327,0.991,0.5115,,
batch4_C1,18,,,,,,,,2560,1519
batch4_C1,19,1,80,11.95,0.00762,1021,0.937,0.381,,
batch4_C1,19,2,160,22.5,0.00366,945,0.957,0.9186,,
batch4_C1,19,3,240,266,0.00366,945,0.957,0.9186,,
batch4_C1,19,4,320,500,0.00366,945,0.957,0.9186,,
batch4_C1,19,,,,,,,,320,109
batch4_C2,24,1,80,11.65,0.00183,184,0.835,0.0389,,
batch4_C2,24,2,160,20.95,0.00521,278,0.822,0.7935,,
batch4_C2,24,3,240,138.2,0.00752,362,0.891,0.9157,,
batch4_C2,24,4,320,496.15,0.00752,362,0.891,0.9157,,
batch4_C2,24,5,400,458,0.00361,187,0.882,0.8005,,
batch4_C2,24,6,480,490.4,0.0058,309,0.911,0.9724,,
batch4_C2,24,7,560,481.05,0.001,880,0.834,0.4782,,
batch4_C2,24,8,640,483.55,0.00855,939,0.853,0.3873,,
batch4_C2,24,9,720,391.25,0.00066,856,0.99,0.5349,,
batch4_C2,24,10,800,348.2,0.00066,856,0.99,0.5349,,
batch4_C2,24,11,880,441.05,0.00081,600,0.992,0.3348,,
batch4_C2,24,12,960,281.7,0.0053,999,0.813,0.113,,
batch4_C2,24,13,1040,226.75,0.00709,884,0.824,0.2014,,
batch4_C2,24,14,1120,500,0.00709,884,0.824,0.2014,,
batch4_C2,24,,,,,,,,1120,727
batch4_C1,20,1,80,10.35,0.00478,280,0.895,0.6898,,
batch4_C1,20,2,160,448.1,0.00416,166,0.882,0.3881,,
batch4_C1,20,3,240,191.65,0.0009,739,0.937,0.7375,,
batch4_C1,20,4,320,225.65,0.00416,166,0.882,0.3881,,
batch4_C1,20,5,400,242,0.00416,166,0.882,0.3881,,
batch4_C1,20,6,480,500,0.00542,211,0.83,0.2431,,
batch4_C1,20,,,,,,,,480,186
batch4_C2,25,1,80,9.9,0.00728,312,0.886,0.0731,,
batch4_C2,25,2,160,45.4,0.00521,991,0.974,0.7893,,
batch4_C2,25,3,240,498.6,0.00218,981,0.907,0.7894,,
batch4_C2,25,4,320,373,0.00375,973,0.814,0.6714,,
batch4_C2,25,5,400,495.75,0.00083,600,0.934,0.8279,,
batch4_C2,25,6,480,500,0.0011,524,0.984,0.9892,,
batch4_C2,25,,,,,,,,480,225
batch4_C1,21,1,80,19.85,0.00097,268,0.951,0.4839,,
batch4_C1,21,2,160,66.65,0.00261,164,0.986,0.9288,,
batch4_C1,21,3,240,232.65,0.00702,132,0.997,0.7693,,
batch4_C1,21,4,320,230.75,0.00331,200,0.99,0.9588,,
batch4_C1,21,5,400,222.65,0.00331,200,0.99,0.9588,,
batch4_C1,21,6,480,105.4,0.00891,881,0.913,0.9205,,
batch4_C1,21,7,560,147.55,0.00394,363,0.963,0.9276,,
batch4_C1,21,8,640,134.9,0.0099,169,0.93,0.9695,,
batch4_C1,21,9,720,129.55,0.00394,363,0.963,0.9276,,
batch4_C1,21,10,800,144.65,0.00394,363,0.963,0.9276,,
batch4_C1,21,11,880,219.05,0.00038,259,0.952,0.0898,,
batch4_C1,21,12,960,170.85,0.00075,996,0.92,0.1204,,
batch4_C1,21,13,1040,209.3,0.00038,259,0.952,0.0898,,
batch4_C1,21,14,1120,191.3,0.00611,1023,0.877,0.0251,,
batch4_C1,21,15,1200,330.5,0.00332,888,0.833,0.1366,,
batch4_C1,21,16,1280,447.3,0.00084,894,0.998,0.1702,,
batch4_C1,21,17,1360,358.05,0.00292,226,0.965,0.9892,,
batch4_C1,21,18,1440,456.75,0.00011,501,0.989,0.6211,,
batch4_C1,21,19,1520,500,0.00011,501,0.989,0.6211,,
batch4_C1,21,,,,,,,,1520,932
batch4_C1,22,1,80,23.25,0.00439,770,0.93,0.9738,,
batch4_C1,22,2,160,95.45,0.00439,770,0.93,0.9738,,
batch4_C1,22,3,240,186.75,0.00518,861,0.851,0.6981,,
batch4_C1,22,4,320,173.85,0.00043,429,0.862,0.2635,,
batch4_C1,22,5,400,233.15,0.00035,897,0.93,0.0955,,
batch4_C1,22,6,480,298.8,0.00035,897,0.93,0.0955,,
batch4_C1,22,7,560,365.6,0.00043,429,0.862,0.2635,,
batch4_C1,22,8,640,338.5,0.00043,429,0.862,0.2635,,
batch4_C1,22,9,720,366.45,0.00975,112,0.884,0.2163,,
batch4_C1,22,10,800,376.3,0.00961,334,0.886,0.9547,,
batch4_C1,22,11,880,319.6,0.00072,233,0.946,0.5073,,
batch4_C1,22,12,960,236.75,0.00072,233,0.946,0.5073,,
batch4_C1,22,13,1040,352.35,0.00918,228,0.819,0.0538,,
batch4_C1,22,14,1120,232.05,0.00071,897,0.831,0.5541,,
batch4_C1,22,15,1200,202.3,0.00035,447,0.927,0.633,,
batch4_C1,22,16,1280,442.65,0.00035,447,0.927,0.633,,
batch4_C1,22,17,1360,221.8,0.00035,447,0.927,0.633,,
batch4_C1,22,18,1440,348.3,0.00035,447,0.927,0.633,,
batch4_C1,22,19,1520,189.05,0.0009,347,0.972,0.6092,,
batch4_C1,22,20,1600,198.85,0.0009,347,0.972,0.6092,,
batch4_C1,22,21,1680,227.25,0.00225,1023,0.874,0.3405,,
batch4_C1,22,22,1760,239.1,0.00079,613,0.832,0.3831,,
batch4_C1,22,23,1840,251.15,0.00011,397,0.957,0.6143,,
batch4_C1,22,24,1920,272.75,0.00011,397,0.957,0.6143,,
batch4_C1,22,25,2000,272.75,0.00061,833,0.992,0.6217,,
batch4_C1,22,26,2080,384.8,0.00061,833,0.992,0.6217,,
batch4_C1,22,27,2160,281.55,0.00045,909,0.99,0.7977,,
batch4_C1,22,28,2240,248.95,0.00011,197,0.952,0.6609,,
batch4_C1,22,29,2320,238.35,0.00112,684,0.96,0.702,,
batch4_C1,22,30,2400,239.75,0.00045,909,0.99,0.7977,,
batch4_C1,22,31,2480,211,0.00014,667,0.954,0.4576,,
batch4_C1,22,32,2560,214.25,0.00011,897,0.987,0.7849,,
batch4_C1,22,33,2640,193.15,0.00034,873,0.977,0.2647,,
batch4_C1,22,34,2720,191,0.00021,608,0.978,0.4475,,
batch4_C1,22,35,2800,216.75,0.00036,809,0.985,0.7455,,
batch4_C1,22,36,2880,206.2,0.0001,715,0.961,0.6196,,
batch4_C1,22,37,2960,270.75,0.0001,715,0.961,0.6196,,
batch4_C1,22,38,3040,254,0.0001,715,0.961,0.6196,,
batch4_C1,22,39,3120,364.2,0.00337,430,0.8,0.3927,,
batch4_C1,22,40,3200,188.05,0.0001,715,0.961,0.6196,,
batch4_C1,22,41,3280,461.7,0.0088,823,0.8,0.3044,,
batch4_C1,22,42,3360,125.5,0.0001,715,0.961,0.6196,,
batch4_C1,22,43,3440,380.4,0.00021,522,0.982,0.9211,,
batch4_C1,22,44,3520,432.55,0.00021,522,0.982,0.9211,,
batch4_C1,22,45,3600,500,0.00011,379,0.969,0.4282,,
batch4_C1,22,,,,,,,,3600,2291
batch4_C1,23,1,80,38.95,0.00964,757,0.891,0.2906,,
batch4_C1,23,2,160,42.6,0.00935,988,0.957,0.5109,,
batch4_C1,23,3,240,160.3,0.00825,168,0.804,0.8883,,
batch4_C1,23,4,320,500,0.00897,696,0.958,0.422,,
batch4_C1,23,,,,,,,,320,102
,,,,,,,,,6500,3200
,,,,,,,,,,
,,,,,,,,,,
# --- Algorithm & Neural Network Configurations ---,,,,,,,,,,
,,,,,,,,,,
"logging: ""False""",,,,,,,,,,
,,,,,,,,,,
# Global exploration radius (max 0.5),,,,,,,,,,
search_radius: 0.5,,,,,,,,,,
,,,,,,,,,,
# Evaluation batch size (selection bottleneck),,,,,,,,,,
beta: 1,,,,,,,,,,
,,,,,,,,,,
# Stagnation limit for step-scaling,,,,,,,,,,
tau: 20,,,,,,,,,,
,,,,,,,,,,
# Zoom factor for constricting trust region,,,,,,,,,,
zeta: 2,,,,,,,,,,
,,,,,,,,,,
# Sliding window factor for pruning,,,,,,,,,,
mu: 0.5,,,,,,,,,,
,,,,,,,,,,
# Maximum allowed zoom multiplier,,,,,,,,,,
max_zoom: 64,,,,,,,,,,
,,,,,,,,,,
# Initial random samples for warm-up,,,,,,,,,,
rho: 3,,,,,,,,,,
,,,,,,,,,,
# Local sampling intensity,,,,,,,,,,
R_local: 10000,,,,,,,,,,
,,,,,,,,,,
# Locality factor (proximal radius),,,,,,,,,,
lambda: 0.02,,,,,,,,,,
,,,,,,,,,,
# Search grid resolution,,,,,,,,,,
base_scale: 10000,,,,,,,,,,
,,,,,,,,,,
# --- Extracted Surrogate NN Hyperparameters ---,,,,,,,,,,
,,,,,,,,,,
"nn_activation: ""relu""",,,,,,,,,,
nn_nodes: 32,,,,,,,,,,
nn_learning_rate: 0.0008,,,,,,,,,,
nn_batch_size: 4,,,,,,,,,,
,,,,,,,,,,
# Use early stopping in the surrogate training instead of number of epochs,,,,,,,,,,
"early_stopping: ""False""",,,,,,,,,,
,,,,,,,,,,
# Epochs when data < 1000,,,,,,,,,,
nn_epochs_early: 200,,,,,,,,,,
,,,,,,,,,,
# Epochs when data >= 1000,,,,,,,,,,
nn_epochs_late: 400,,,,,,,,,,
,,,,,,,,,,
# Forces TF to use CPU (avoids GPU memory overhead for small NNs),,,,,,,,,,
force_cpu: true,,,,,,,,,,
