experiment_id,iteration,generation,total_population_episodes,score,learning_rate,batch_size,gamma,epsilon,wall_time,episodes_to_solve
F03,1,1,80,17.4,0.005856599989906473,873,0.9245172834907188,0.552195631879238,5.452956438064575,
F03,1,1,80,13.4,0.008551960358293984,723,0.9367244362660394,0.8426254973767168,3.514263868331909,
F03,1,2,160,15.8,0.007143869696568965,805,0.995162196584053,0.7774861439558044,6.164132356643677,
F03,1,3,240,123.5,0.008551960358293984,723,0.9367244362660394,0.8426254973767168,12.45738935470581,
F03,1,4,320,475.9,0.003050041881124253,494,0.9333650186070375,0.33981297590619586,28.591033458709717,
F03,1,5,400,271.8,0.003050041881124253,494,0.9333650186070375,0.33981297590619586,44.87729239463806,
F03,1,6,480,500.0,0.0017509548906374268,828,0.9127568959365115,0.814177167661019,64.43561816215515,480
F03,2,1,80,9.8,0.0013172327647927038,314,0.8075567038765585,0.7950902457643935,3.1253507137298584,
F03,2,2,160,22.9,0.0026495929477156894,37,0.9589736610776645,0.6989763601349459,5.923398733139038,
F03,2,3,240,97.3,0.005610815068636971,53,0.9760334173623982,0.8200075771570533,14.027255773544312,
F03,2,4,320,191.1,0.005610815068636971,53,0.9760334173623982,0.8200075771570533,27.39491844177246,
F03,2,5,400,425.9,0.009084724625575373,150,0.9454164460396246,0.8462658409502524,45.43224048614502,
F03,2,6,480,191.8,0.004631887032314157,704,0.826701535141844,0.3697017111877851,59.79578375816345,
F03,2,7,560,139.5,0.007831824571276635,341,0.8678192144247527,0.8611538341265774,70.6606798171997,
F03,2,8,640,500.0,0.007414653630416754,200,0.9109663787482242,0.21193751324700028,87.24936270713806,640
F03,3,1,80,15.8,0.008852431001915203,361,0.86801352653233,0.245106273288875,3.040815830230713,
F03,3,2,160,23.5,0.007546006735721572,799,0.8981038993757158,0.8216298013233985,5.600137948989868,
F03,3,3,240,184.7,0.006401868659835354,292,0.9506048788122448,0.8714967900490582,19.744251012802124,
F03,3,4,320,326.7,0.0001,1024,0.999,0.01,38.743157625198364,
F03,3,5,400,306.3,0.0006550996198669771,776,0.8212657000532808,0.9794017876623222,59.726038455963135,
F03,3,6,480,338.8,0.008554693859902615,755,0.9217860225601696,0.036585008847787585,73.31156253814697,
F03,3,7,560,500.0,0.008554693859902615,755,0.9217860225601696,0.036585008847787585,110.38567090034485,560
F03,4,1,80,12.1,0.003065104931908701,403,0.8472322638275473,0.9031253060129206,3.082019090652466,
F03,4,2,160,405.9,0.003065104931908701,403,0.8472322638275473,0.9031253060129206,7.712436676025391,
F03,4,3,240,330.1,0.004071470884676439,224,0.8578752254152983,0.11262001062566288,20.676658868789673,
F03,4,4,320,446.5,0.003065104931908701,403,0.8472322638275473,0.9031253060129206,42.831791162490845,
F03,4,5,400,464.1,0.0001,16,0.8,1.0,58.79571604728699,
F03,4,6,480,446.4,0.0001,16,0.8,1.0,79.0281834602356,
F03,4,7,560,279.7,0.0001,16,0.8000000794859786,1.0,91.16193461418152,
F03,4,8,640,322.5,0.01,1024,0.8,1.0,106.34471297264099,
F03,4,9,720,459.4,0.0001,1024,0.8,1.0,120.34359192848206,
F03,4,10,800,500.0,0.0001,1024,0.8,1.0,140.7228546142578,800
F03,5,1,80,12.0,0.004216942133115631,791,0.9876571776599266,0.6011246941650251,3.823425054550171,
F03,5,2,160,85.1,0.004216942133115631,791,0.9876571776599266,0.6011246941650251,7.281994581222534,
F03,5,3,240,299.6,0.005431685432536413,983,0.9989999847270354,0.5618467600978068,21.22281575202942,
F03,5,4,320,146.6,0.009516857302226392,725,0.9186748231173063,0.12699945630031909,37.146421670913696,
F03,5,5,400,295.0,0.009516857302226392,725,0.9186748231173063,0.12699945630031909,55.897711753845215,
F03,5,6,480,500.0,0.0001,16,0.999,0.01,86.69972896575928,480
F03,6,1,80,13.0,0.00773248103210685,244,0.969841166789512,0.9106874812031689,3.6165976524353027,
F03,6,2,160,23.3,0.00773248103210685,244,0.969841166789512,0.9106874812031689,6.879195690155029,
F03,6,3,240,348.3,0.00688316309588323,686,0.8694208359791509,0.9928103072575404,15.879144430160522,
F03,6,4,320,500.0,0.0036828850057373432,799,0.9499407899900342,0.7399703040262633,38.97117900848389,320
F03,7,1,80,11.0,0.003147382800967378,284,0.8739237235589682,0.9886588035649226,3.596928358078003,
F03,7,2,160,28.1,0.003147382800967378,284,0.8739237235589682,0.9886588035649226,6.858703136444092,
F03,7,3,240,276.7,0.006348584335322152,695,0.8693387094614005,0.6261806295233417,22.211063385009766,
F03,7,4,320,290.2,0.00037170489145736473,137,0.9100157071203403,0.8687421863813226,40.673232555389404,
F03,7,5,400,241.2,0.0001,16,0.9680026774272507,0.40218761718483637,65.42139172554016,
F03,7,6,480,349.5,0.0016682687447910564,923,0.8839454112232309,0.656062819686727,84.35426545143127,
F03,7,7,560,500.0,0.001464868435447829,74,0.802555681469872,0.7010455948926887,125.41369414329529,560
F03,8,1,80,14.9,0.004035669251268648,205,0.8198467353053448,0.5060320870443838,3.488877773284912,
F03,8,2,160,19.7,0.005733034219673524,162,0.9794008199492124,0.48565279971921166,6.902570724487305,
F03,8,3,240,201.1,0.005733034219673524,162,0.9794008199492124,0.48565279971921166,14.221225023269653,
F03,8,4,320,341.7,0.0027888111585827003,141,0.8237095820428376,0.44237582449307367,25.176445245742798,
F03,8,5,400,500.0,0.0001,1024,0.999,1.0,41.15368056297302,400
F03,9,1,80,38.0,0.002100792276929068,710,0.8271399872049944,0.45905391559083264,3.988614082336426,
F03,9,2,160,178.5,0.008502096276964724,852,0.8363839266211974,0.9047418661560557,8.510759830474854,
F03,9,3,240,476.3,0.008502096276964724,852,0.8363839266211974,0.9047418661560557,25.6528217792511,
F03,9,4,320,476.7,0.007450592917606178,855,0.8176929384458447,1.0,41.24620842933655,
F03,9,5,400,363.8,0.001012618322738446,29,0.8049960793135102,0.8306198059001312,56.771244049072266,
F03,9,6,480,319.5,0.001012618322738446,29,0.8049960793135102,0.8306198059001312,74.81109142303467,
F03,9,7,560,500.0,0.009979411568442165,25,0.9662237777500162,0.9416859549368906,93.3681812286377,560
F03,10,1,80,15.2,0.0022414882260412268,83,0.9261273404275305,0.4990457970936346,3.6333014965057373,
F03,10,2,160,47.6,0.0022414882260412268,83,0.9261273404275305,0.4990457970936346,6.9073569774627686,
F03,10,3,240,197.2,0.0022414882260412268,83,0.9261273404275305,0.4990457970936346,16.98640727996826,
F03,10,4,320,410.4,0.003428560646405758,261,0.9253560706078164,0.24170189315475227,30.690505504608154,
F03,10,5,400,246.5,0.009988307449080028,1016,0.999,0.01,65.41122150421143,
F03,10,6,480,500.0,0.0008122289948441716,570,0.9711596698241991,0.864875241877293,96.17051315307617,480
F03,11,1,80,11.6,0.002569844592103807,638,0.8556396600794389,0.9984416593032139,4.007214784622192,
F03,11,2,160,49.1,0.002569844592103807,638,0.8556396600794389,0.9984416593032139,7.969570636749268,
F03,11,3,240,172.5,0.008022309293363858,387,0.9844983735190015,0.648817195302177,17.098111391067505,
F03,11,4,320,396.1,0.009978628664480946,763,0.9941864997343224,0.958644913830383,33.179781436920166,
F03,11,5,400,345.2,0.0001,21,0.8,0.010000126873419687,65.61880207061768,
F03,11,6,480,492.6,0.00010000002233150758,1024,0.999,0.23269819885354034,99.4049346446991,
F03,11,7,560,222.9,0.01,16,0.8,1.0,123.75333309173584,
F03,11,8,640,500.0,0.005881854174994356,789,0.8273652092903692,0.8768756856922383,148.30774354934692,640
F03,12,1,80,15.0,0.005173366922794825,372,0.870470710751877,0.9278926572188207,3.683654308319092,
F03,12,2,160,41.2,0.005173366922794825,372,0.870470710751877,0.9278926572188207,6.389252185821533,
F03,12,3,240,311.3,0.005173366922794825,372,0.870470710751877,0.9278926572188207,17.18403673171997,
F03,12,4,320,476.6,0.005338635495558177,90,0.9984164229388954,0.40949270616009814,40.815876722335815,
F03,12,5,400,498.3,0.0003344643313585978,262,0.95955246764258,0.5886338389576615,56.733835220336914,
F03,12,6,480,334.3,0.0003344643313585978,262,0.95955246764258,0.5886338389576615,75.89320921897888,
F03,12,7,560,240.1,0.0031180665004464166,562,0.8860516024034492,0.5079606266218045,92.073166847229,
F03,12,8,640,200.1,0.0001,1024,0.999,1.0,116.21750044822693,
F03,12,9,720,500.0,0.01,1024,0.999,1.0,138.610004901886,720
F03,13,1,80,9.8,0.0081697662835069,938,0.8651672234399492,0.5746422227584684,3.391916275024414,
F03,13,2,160,25.8,0.004982435340442105,470,0.9751261315529488,0.40710328353392816,6.257419586181641,
F03,13,3,240,159.8,0.0014573021941590896,31,0.9805658848534426,0.19155173683885018,24.111406326293945,
F03,13,4,320,345.5,0.0006513858208030899,59,0.8132917244920038,0.9796633337914503,46.539459228515625,
F03,13,5,400,357.9,0.0006513858208030899,59,0.8132917244920038,0.9796633337914503,59.408607006073,
F03,13,6,480,424.6,0.0006513858208030899,59,0.8132917244920038,0.9796633337914503,75.53745698928833,
F03,13,7,560,500.0,0.00020223303654184286,16,0.9828076769865114,0.11300511185750393,95.65440225601196,560
F03,14,1,80,15.7,0.006097960001858589,53,0.9617025964138218,0.09385149543505414,3.3961708545684814,
F03,14,2,160,64.5,0.002870068033008329,663,0.9488067231767737,0.31215726315368564,6.929717540740967,
F03,14,3,240,468.5,0.00737316409732111,411,0.9864429145808894,0.8527319864275126,18.55611276626587,
F03,14,4,320,500.0,0.0001,16,0.999,1.0,42.97864484786987,320
F03,15,1,80,22.1,0.0008652926380846044,407,0.9047825763352008,0.5283640205867518,2.7906301021575928,
F03,15,2,160,16.2,0.006968843657656617,805,0.9492484100766604,0.05413808233279737,5.448648452758789,
F03,15,3,240,127.4,0.0011739144978276355,138,0.8497244936914639,0.8143045415612741,11.765799760818481,
F03,15,4,320,302.6,0.00806250969583242,36,0.8833924590370237,0.9754795478652095,26.961787223815918,
F03,15,5,400,500.0,0.001304779080211441,559,0.9256812825630013,0.03414226508782751,63.01150846481323,400
F03,16,1,80,12.6,0.0013731547297166525,778,0.9306711544836126,0.573591032698784,3.8349359035491943,
F03,16,2,160,15.5,0.0013731547297166525,778,0.9306711544836126,0.573591032698784,6.662812232971191,
F03,16,3,240,344.4,0.009999999999999986,337,0.8692631113869138,0.010000008717248337,19.977320909500122,
F03,16,4,320,500.0,0.006714977682095744,217,0.9730768906217503,0.530401503469568,41.459898710250854,320
F03,17,1,80,16.8,0.009700213868038708,787,0.9539284544048761,0.1510944052320368,3.455477714538574,
F03,17,2,160,26.3,0.009700213868038708,787,0.9539284544048761,0.1510944052320368,6.0744733810424805,
F03,17,3,240,130.3,0.009517724960020832,944,0.8974482539520361,0.513849812704646,15.293513059616089,
F03,17,4,320,271.0,0.01,1024,0.999,1.0,33.35067367553711,
F03,17,5,400,255.8,0.0001,1024,0.8,0.01,61.993648290634155,
F03,17,6,480,500.0,0.005201885646918744,270,0.9081680401863343,0.759819734857437,93.90999364852905,480
F03,18,1,80,13.6,0.00929150997177626,693,0.9591618545960253,0.33626477942686256,3.5407094955444336,
F03,18,2,160,46.0,0.008176679751190321,674,0.9252063917609956,0.676660078395091,6.415755033493042,
F03,18,3,240,153.7,0.0022467172498703554,666,0.9331877924671939,0.8674633072168879,16.905840158462524,
F03,18,4,320,373.0,0.01,16,0.8,0.01,31.809914112091064,
F03,18,5,400,246.2,0.0034867355264823177,927,0.9783700262195456,0.07915170876798999,51.247466802597046,
F03,18,6,480,185.9,0.01,561,0.8998431135335958,1.0,69.35785269737244,
F03,18,7,560,238.6,0.0029030846533996076,411,0.8984966766589083,0.5045529423058686,84.8904321193695,
F03,18,8,640,210.2,0.0029030846533996076,411,0.8984966766589083,0.5045529423058686,110.55291175842285,
F03,18,9,720,404.3,0.0001,660,0.9002667180911607,0.04526329829147777,127.74588942527771,
F03,18,10,800,222.8,0.01,512,0.8,1.0,149.08960556983948,
F03,18,11,880,368.2,0.0001,660,0.9002667180911607,0.04526329829147777,170.496111869812,
F03,18,12,960,432.8,0.0001,16,0.8,1.0,192.91745710372925,
F03,18,13,1040,264.7,0.00881837190167932,275,0.8302196194804146,0.6769563271445727,226.51906156539917,
F03,18,14,1120,326.1,0.0001,660,0.9002667180911607,0.04526329829147777,249.73293781280518,
F03,18,15,1200,267.7,0.0024451473905553853,413,0.8787496114938634,0.6410318369817029,269.80948996543884,
F03,18,16,1280,272.7,0.007850100380454238,743,0.9988223935248722,0.2509120555994016,289.39671301841736,
F03,18,17,1360,429.4,0.007453450090523671,453,0.8473797662774961,0.20399901430892273,306.9088659286499,
F03,18,18,1440,500.0,0.0001,660,0.9002667180911607,0.04526329829147777,326.68843960762024,1440
F03,19,1,80,12.9,0.0054873375946763335,896,0.8601013861485265,0.10840025488922357,3.8960916996002197,
F03,19,2,160,69.2,0.006894404937945325,292,0.85889728741481,0.6191566558786904,6.857232570648193,
F03,19,3,240,444.8,0.009849880838224903,1019,0.9849497507411392,0.7152343732246673,23.283907413482666,
F03,19,4,320,500.0,0.0001,1024,0.999,0.01,52.97539496421814,320
F03,20,1,80,10.3,0.008977699897719746,507,0.958184692461229,0.5161172767981618,3.5253958702087402,
F03,20,2,160,12.7,0.009169985810233778,818,0.8266528537800011,0.7720684003439456,6.283806562423706,
F03,20,3,240,147.3,0.0021196867097720376,447,0.9451595937253161,0.3686645705960844,12.370161533355713,
F03,20,4,320,181.0,0.0021196867097720376,447,0.9451595937253161,0.3686645705960844,19.947582960128784,
F03,20,5,400,142.4,0.009537066197144202,474,0.9798610463734,0.20046009213883242,35.78118085861206,
F03,20,6,480,149.8,0.0025638700094994106,384,0.996040847742659,0.6910745724896613,52.78795003890991,
F03,20,7,560,247.0,0.001394944215747439,1003,0.8992375458291695,0.03727848455512603,69.36481952667236,
F03,20,8,640,348.9,0.0013897038241142577,1003,0.8983589326717266,0.03537516743223606,98.79412746429443,
F03,20,9,720,382.6,0.001394944215747439,1003,0.8992375458291695,0.03727848455512603,138.5721151828766,
F03,20,10,800,301.9,0.005129843925361506,833,0.9433075026830386,0.613204106947339,171.2527883052826,
F03,20,11,880,500.0,0.0001,1024,0.999,1.0,195.80806756019592,880
F03,21,1,80,13.0,0.004710764607391946,976,0.989617825388434,0.6213654521428128,4.3752830028533936,
F03,21,2,160,58.2,0.004710764607391946,976,0.989617825388434,0.6213654521428128,8.056008100509644,
F03,21,3,240,500.0,0.002869431753556611,826,0.9003895565729917,0.552540919225489,25.224489212036133,240
F03,22,1,80,9.7,0.008753997146214679,850,0.9468226818515764,0.33576552218311834,3.88624906539917,
F03,22,2,160,10.9,0.008753997146214679,850,0.9468226818515764,0.33576552218311834,7.0617451667785645,
F03,22,3,240,307.5,0.008461757350330643,646,0.9947927614821195,0.8494132785084383,13.506664752960205,
F03,22,4,320,500.0,0.007456013687462621,881,0.8934912830942535,0.48060972761692444,29.142359733581543,320
F03,23,1,80,11.7,0.006655387259773979,279,0.8176914023440575,0.8119963547884311,5.116623878479004,
F03,23,2,160,80.4,0.00923777359740136,205,0.9531782455697597,0.9508373121733694,9.345537900924683,
F03,23,3,240,207.4,0.006655387259773979,279,0.8176914023440575,0.8119963547884311,24.00115942955017,
F03,23,4,320,467.2,0.0001,16,0.8,0.01,45.46757745742798,
F03,23,5,400,372.1,0.0001,16,0.8,0.01,68.85258913040161,
F03,23,6,480,293.5,0.0001,16,0.8,0.01,95.04670476913452,
F03,23,7,560,388.1,0.007748351571196688,426,0.8255889375968407,0.10672670382642363,120.5983498096466,
F03,23,8,640,500.0,0.01,16,0.999,0.01,138.4302740097046,640
F03,24,1,80,28.8,0.0021881997750923684,786,0.9942692617664769,0.028311724970377795,4.09508752822876,
F03,24,2,160,12.3,0.004070879540301081,887,0.8150822381350378,0.6679518854127672,6.402616739273071,
F03,24,3,240,59.6,0.0044291404403649995,866,0.8344899038957013,0.4904427591229945,14.905071258544922,
F03,24,4,320,471.9,0.003566860860308866,842,0.8390981751292681,0.14114019688000903,33.12298798561096,
F03,24,5,400,500.0,0.009025819707154232,1000,0.8767122049664576,0.13554458572720307,55.95032572746277,400
F03,25,1,80,9.8,0.007603777439810463,246,0.8926238814236311,0.9935548130784321,4.420472860336304,
F03,25,2,160,23.1,0.007603777439810463,246,0.8926238814236311,0.9935548130784321,7.253804445266724,
F03,25,3,240,500.0,0.0003956939967472947,656,0.868422578929834,0.8524961098305586,15.981139183044434,240
F03,26,1,80,11.4,0.0025880916758074662,866,0.8616322577237532,0.7188143540996486,3.553386926651001,
F03,26,2,160,122.4,0.0025880916758074662,866,0.8616322577237532,0.7188143540996486,7.613938570022583,
F03,26,3,240,350.9,0.005159383386395591,692,0.8014735715108833,0.7770570415320035,21.587685108184814,
F03,26,4,320,351.4,0.005159383386395591,692,0.8014735715108833,0.7770570415320035,35.48561954498291,
F03,26,5,400,191.9,0.005159383386395591,692,0.8014735715108833,0.7770570415320035,48.68949556350708,
F03,26,6,480,245.5,0.006165315204000195,729,0.8723617305088667,0.8262205006443656,68.11441493034363,
F03,26,7,560,268.5,0.01,1024,0.8,1.0,84.54356098175049,
F03,26,8,640,150.4,0.007725170511616989,269,0.8950477571136077,0.18124002126116395,98.00303888320923,
F03,26,9,720,500.0,0.009551028621602635,497,0.9889121734674773,0.2380713463902162,110.65090751647949,720
F03,27,1,80,48.0,0.009388096817157077,481,0.8170871218932452,0.9066334344301671,3.9687209129333496,
F03,27,2,160,61.2,0.00968068143048217,772,0.8841981061226286,0.9545141745591078,8.314618825912476,
F03,27,3,240,457.6,0.0001,16,0.999,0.01,23.91026520729065,
F03,27,4,320,471.4,0.0017379024931639241,22,0.9245872343794135,0.9046312026281377,43.62711262702942,
F03,27,5,400,475.0,0.00010000018088605993,16,0.8,0.01,72.14848470687866,
F03,27,6,480,500.0,0.0012756814892847606,61,0.9320414725865455,0.788737433716775,109.48867917060852,480
F03,28,1,80,10.1,0.0038066341845853953,780,0.8541083955395062,0.824857978793784,3.801923990249634,
F03,28,2,160,159.2,0.009797816026813216,151,0.8893473622955551,0.854611000273993,7.691238641738892,
F03,28,3,240,433.1,0.0001,1024,0.8,0.01,30.573689937591553,
F03,28,4,320,500.0,0.0001,1024,0.8,0.01,65.47333359718323,320
F03,29,1,80,11.3,0.008984877879727873,68,0.9171095316424696,0.27033079171080715,3.6640336513519287,
F03,29,2,160,111.5,0.007565601260408926,283,0.9765667229617425,0.6023917635267942,6.444665193557739,
F03,29,3,240,163.0,0.004826689388342431,806,0.977265075867058,0.9266765089121954,13.856669664382935,
F03,29,4,320,272.8,0.0001,1024,0.999,0.01,31.842753887176514,
F03,29,5,400,270.9,0.0001,1024,0.999,0.01,69.96416974067688,
F03,29,6,480,234.9,0.0001,1024,0.999,0.01,101.96861100196838,
F03,29,7,560,217.4,0.0001,1024,0.999,0.01,128.6309518814087,
F03,29,8,640,198.2,0.0001,1024,0.999,0.01,151.21272563934326,
F03,29,9,720,308.9,0.0010000329938910574,765,0.9076393582043971,0.5198574029880295,180.2327218055725,
F03,29,10,800,294.6,0.0010000329938910574,765,0.9076393582043971,0.5198574029880295,208.76948165893555,
F03,29,11,880,411.8,0.00010000041036554343,153,0.867327502963109,0.5310630173496065,247.54034090042114,
F03,29,12,960,500.0,0.0003105254085730043,805,0.9159275806942997,0.5960022835665507,268.57379961013794,960
F03,30,1,80,10.3,0.004297097591639839,95,0.8701923835138133,0.2725581351333806,3.6692583560943604,
F03,30,2,160,78.9,0.004297097591639839,95,0.8701923835138133,0.2725581351333806,6.352708101272583,
F03,30,3,240,163.9,0.0021078635459787403,95,0.8152674663420886,0.6730105297809608,13.34085464477539,
F03,30,4,320,203.6,0.0021078635459787403,95,0.8152674663420886,0.6730105297809608,28.53181004524231,
F03,30,5,400,500.0,0.0020968524955569277,95,0.8155815592788145,0.6701458258689276,50.18119287490845,400
F03,31,1,80,12.4,0.006653553089712178,239,0.9023358569774862,0.8323546414459062,3.7962214946746826,
F03,31,2,160,75.5,0.0023905777883504514,628,0.9535670926589195,0.6617528241046272,7.95122504234314,
F03,31,3,240,232.2,0.0023905777883504514,628,0.9535670926589195,0.6617528241046272,17.950276374816895,
F03,31,4,320,136.8,0.007226601687990645,558,0.8902542196103811,0.488692124985632,31.548673391342163,
F03,31,5,400,211.4,0.01,1024,0.8,0.01,48.704529762268066,
F03,31,6,480,500.0,0.00987204066777246,919,0.9572290777949473,0.027780214383309215,82.86688876152039,480
F03,32,1,80,22.8,0.004765681923632549,755,0.9828394489682444,0.1674777790088887,4.348465919494629,
F03,32,2,160,18.7,0.004765681923632549,755,0.9828394489682444,0.1674777790088887,7.384130477905273,
F03,32,3,240,96.4,0.004765681923632549,755,0.9828394489682444,0.1674777790088887,17.61623215675354,
F03,32,4,320,285.3,0.004765681923632549,755,0.9828394489682444,0.1674777790088887,31.12319779396057,
F03,32,5,400,342.0,0.01,943,0.9722019447125609,0.9926782653806738,48.51269221305847,
F03,32,6,480,134.0,0.0061790407032262075,1024,0.9895731311885512,0.01,88.21848845481873,
F03,32,7,560,358.8,0.0039749200766265895,797,0.9910778026042765,0.19130523699136878,132.0368630886078,
F03,32,8,640,500.0,0.0001,16,0.999,0.01,168.61269879341125,640
F03,33,1,80,12.0,0.005793630938312033,212,0.837849957052387,0.9150747810717815,3.7854433059692383,
F03,33,2,160,64.7,0.005793630938312033,212,0.837849957052387,0.9150747810717815,7.2759480476379395,
F03,33,3,240,346.5,0.0012731122156949654,1014,0.8768945663683831,0.3507209384148958,18.154566526412964,
F03,33,4,320,500.0,0.009223176361900563,185,0.8773931960314548,0.9966013681439806,36.92143964767456,320
F03,34,1,80,10.6,0.008839828877529944,950,0.9573958983743681,0.6130588737252095,3.7305045127868652,
F03,34,2,160,21.5,0.0038293426429597626,750,0.9252153653086805,0.26802756406471995,6.834873199462891,
F03,34,3,240,151.5,0.0006626408915984696,880,0.9989999995941119,0.03816796475162765,19.26955795288086,
F03,34,4,320,307.2,0.0038293426429597626,750,0.9252153653086805,0.26802756406471995,48.27550196647644,
F03,34,5,400,394.6,0.003029968905099167,473,0.8875668971765195,0.14807823720172855,74.56932544708252,
F03,34,6,480,430.5,0.003029968905099167,473,0.8875668971765195,0.14807823720172855,111.54474663734436,
F03,34,7,560,258.7,0.0006630344721618635,297,0.925268318107614,0.03051314295074515,151.84654927253723,
F03,34,8,640,278.9,0.0001,1024,0.8130135723946275,0.010519148475892026,200.4742636680603,
F03,34,9,720,331.8,0.0001,1024,0.8130135723946275,0.010519148475892026,236.9407515525818,
F03,34,10,800,425.8,0.0001,16,0.9349816291154374,0.3409191951043632,269.3133420944214,
F03,34,11,880,285.7,0.0001,1024,0.8130135723946275,0.010519148475892026,298.3008162975311,
F03,34,12,960,319.8,0.007495393173573477,627,0.9243255559667471,0.6837432840459007,332.53974986076355,
F03,34,13,1040,303.5,0.0001,1024,0.8130135723946275,0.010519148475892026,355.3343243598938,
F03,34,14,1120,500.0,0.003531160805303916,693,0.999,1.0,387.37197184562683,1120
F03,35,1,80,10.5,0.003337081008077767,408,0.8750859660073996,0.7475610775680162,3.72330904006958,
F03,35,2,160,49.5,0.003337081008077767,408,0.8750859660073996,0.7475610775680162,6.842523574829102,
F03,35,3,240,141.3,0.004534981207418772,158,0.8044239006441828,0.5548317185712269,11.611910343170166,
F03,35,4,320,373.0,0.01,1024,0.8,1.0,25.798348903656006,
F03,35,5,400,233.0,0.01,1024,0.8,1.0,40.114253520965576,
F03,35,6,480,430.4,0.0072155170187292485,792,0.8111898732053636,0.2239836151624528,60.71511912345886,
F03,35,7,560,413.1,0.005022123000449979,102,0.9215438638620126,0.7901710133885238,89.83073592185974,
F03,35,8,640,202.8,0.001387183759775971,45,0.9230950965359139,0.9652318335776693,130.99028897285461,
F03,35,9,720,177.5,0.008360371792743931,941,0.8280047336082316,0.8988500820452825,149.02322387695312,
F03,35,10,800,326.3,0.005894424269070541,985,0.9582110637796387,0.2790368904556574,164.0530343055725,
F03,35,11,880,202.9,0.0001,16,0.8,1.0,175.9575710296631,
F03,35,12,960,250.6,0.0057279493134397945,16,0.999,0.6390250712124548,200.64488530158997,
F03,35,13,1040,219.1,0.0001,16,0.8,1.0,215.0209412574768,
F03,35,14,1120,316.2,0.0001,16,0.8,1.0,244.48969149589539,
F03,35,15,1200,457.2,0.0001,425,0.999,1.0,268.97944021224976,
F03,35,16,1280,322.9,0.0001,425,0.999,1.0,282.8540406227112,
F03,35,17,1360,371.8,0.0001,170,0.999,1.0,300.4374508857727,
F03,35,18,1440,500.0,0.01,487,0.8562445604221193,1.0,315.66360330581665,1440
F03,36,1,80,24.7,0.009365959387996132,431,0.9289779848428742,0.9353571087766778,3.1805543899536133,
F03,36,2,160,26.7,0.009365959387996132,431,0.9289779848428742,0.9353571087766778,6.903743743896484,
F03,36,3,240,258.8,0.01,16,0.999,0.01,15.832066535949707,
F03,36,4,320,196.8,0.001628391616451382,245,0.9625749932125648,0.9093488705006356,34.91802763938904,
F03,36,5,400,284.4,0.0025361569308058217,256,0.9255916551322401,0.9937265791695847,44.39647650718689,
F03,36,6,480,346.9,0.007570406698679436,57,0.9748111991620212,0.6936847268333556,66.21759271621704,
F03,36,7,560,268.6,0.001628391616451382,245,0.9625749932125648,0.9093488705006356,76.84279155731201,
F03,36,8,640,214.7,0.001628391616451382,245,0.9625749932125648,0.9093488705006356,94.6274266242981,
F03,36,9,720,232.7,0.009478587785986871,436,0.9719501721103652,0.18752215865162883,108.50046133995056,
F03,36,10,800,269.0,0.004115471724812683,142,0.912290016023414,1.0,122.06755137443542,
F03,36,11,880,317.7,0.0074819545166667275,44,0.9753526447592339,0.6961927232012961,130.70749640464783,
F03,36,12,960,481.8,0.006093118614440571,464,0.9227331433589913,0.4667043410117016,141.1956329345703,
F03,36,13,1040,500.0,0.006093118614440571,464,0.9227331433589913,0.4667043410117016,156.6177477836609,1040
F03,37,1,80,23.9,0.009819472427326526,210,0.8206347295384377,0.7864574815601866,4.374467134475708,
F03,37,2,160,124.3,0.0018405092863682366,759,0.9370991427983782,0.8450285775964572,8.91049599647522,
F03,37,3,240,305.8,0.000692266957255389,166,0.9438343551437841,0.6520591881753655,27.292449474334717,
F03,37,4,320,500.0,0.0036255924585992714,298,0.8832676903797396,0.9713307846620028,58.23913884162903,320
F03,38,1,80,12.9,0.00759985731384205,231,0.9888332967710415,0.9306754073105774,3.75333309173584,
F03,38,2,160,45.8,0.00759985731384205,231,0.9888332967710415,0.9306754073105774,7.011740684509277,
F03,38,3,240,420.9,0.00222097021900375,980,0.8043340100636744,0.8524716344016304,15.453034162521362,
F03,38,4,320,343.5,0.004000230365958914,90,0.9392902023758373,0.807631838166042,31.06963086128235,
F03,38,5,400,187.0,0.0005701879003187311,125,0.8350390546083198,0.6162628790587698,43.31946897506714,
F03,38,6,480,324.1,0.0001,118,0.9085160607465473,0.12472765077372003,60.22038912773132,
F03,38,7,560,470.3,0.007069472362844285,42,0.9878872212262525,1.0,92.92914843559265,
F03,38,8,640,326.5,0.007069472362844285,42,0.9878872212262525,1.0,143.55543303489685,
F03,38,9,720,490.0,0.0001,118,0.9085160607465473,0.12472765077372003,174.11088681221008,
F03,38,10,800,445.8,0.0001,118,0.9085160607465473,0.12472765077372003,217.54396390914917,
F03,38,11,880,425.9,0.002305616734994097,1024,0.8042866230238502,1.0,238.86727571487427,
F03,38,12,960,389.8,0.0001,1024,0.8874585073762942,0.01,293.1729464530945,
F03,38,13,1040,376.6,0.0001,632,0.9145352208532241,0.9676027674866061,327.2023947238922,
F03,38,14,1120,227.4,0.0001,1024,0.8874585073762942,0.01,381.0459535121918,
F03,38,15,1200,167.9,0.0001,1024,0.9496162155413546,0.01,432.82700848579407,
F03,38,16,1280,165.9,0.009162525068349563,946,0.9598004511901154,0.9475139368211472,454.67044949531555,
F03,38,17,1360,201.6,0.0001,1024,0.9536941396409079,0.01,488.78623151779175,
F03,38,18,1440,193.1,0.00010000000000000028,506,0.999,0.01,510.99788331985474,
F03,38,19,1520,174.4,0.0013086637775579727,44,0.9870605975249694,0.7979390645964137,531.0714070796967,
F03,38,20,1600,122.5,0.0001,1024,0.9031263684787865,0.5591042170335686,555.0219285488129,
F03,38,21,1680,243.7,0.00010000000000000028,506,0.999,0.01,576.4520032405853,
F03,38,22,1760,361.2,0.005034914919561752,292,0.9949712091293448,0.23080277539288144,608.3446369171143,
F03,38,23,1840,500.0,0.005034914919561752,292,0.9949712091293448,0.23080277539288144,636.3822405338287,1840
F03,39,1,80,12.3,0.00508465674262299,171,0.9522851512972255,0.8884302288349839,2.9232003688812256,
F03,39,2,160,17.4,0.00508465674262299,171,0.9522851512972255,0.8884302288349839,6.95705246925354,
F03,39,3,240,276.9,0.0014910110410832238,623,0.9565062426341786,0.8097043254644273,18.031792402267456,
F03,39,4,320,213.2,0.01,1024,0.999,1.0,31.87194538116455,
F03,39,5,400,195.4,0.0033552915478676235,804,0.9962689792428607,0.961601035362941,48.54729866981506,
F03,39,6,480,374.1,0.0036684492809603924,677,0.9361712291736994,0.9315308508445597,62.983280658721924,
F03,39,7,560,500.0,0.0038381868225965117,549,0.9573549008995199,0.8597376069025475,75.21679306030273,560
F04,1,1,80,15.6,0.006988665200616037,588,0.8297562383863624,0.9714670934182675,3.4581894874572754,
F04,1,2,160,41.1,0.006988665200616037,588,0.8297562383863624,0.9714670934182675,6.593807697296143,
F04,1,3,240,116.7,0.0001,1024,0.999,0.01,13.92361330986023,
F04,1,4,320,211.9,0.0001,1024,0.999,0.01,30.90628981590271,
F04,1,5,400,381.0,0.006988665200616037,588,0.8297562383863624,0.9714670934182675,52.15113615989685,
F04,1,6,480,261.4,0.0033640993376670395,162,0.9988189501481828,0.31825850999797034,74.68439221382141,
F04,1,7,560,290.3,0.0001,1024,0.999,1.0,95.73457074165344,
F04,1,8,640,314.9,0.0001,1024,0.999,0.01,118.27922368049622,
F04,1,9,720,256.1,0.0001,1024,0.999,1.0,157.66649794578552,
F04,1,10,800,240.2,0.0001,16,0.8,1.0,177.47014808654785,
F04,1,11,880,276.8,0.0001401814591035022,46,0.8890510072890214,0.8121626996282804,194.10606336593628,
F04,1,12,960,276.6,0.0001401814591035022,46,0.8890510072890214,0.8121626996282804,204.38662981987,
F04,1,13,1040,245.9,0.0001,16,0.8,1.0,218.2563931941986,
F04,1,14,1120,213.3,0.0001,16,0.8,1.0,233.73311734199524,
F04,1,15,1200,259.4,0.0001,16,0.8,1.0,244.28861451148987,
F04,1,16,1280,360.8,0.0001,16,0.8,1.0,263.4810950756073,
F04,1,17,1360,485.7,0.0001,16,0.8,1.0,277.82224774360657,
F04,1,18,1440,500.0,0.0001,16,0.8,1.0,298.2265348434448,1440
F04,2,1,80,23.9,0.009492050269590447,26,0.9310809575602148,0.27600446829047703,3.2316031455993652,
F04,2,2,160,20.2,0.008463270392823546,479,0.9677675900478997,0.7486965653378512,5.847763538360596,
F04,2,3,240,94.3,0.00986074958937065,673,0.8375133771823949,0.8547375294506487,11.420349836349487,
F04,2,4,320,168.3,0.008463270392823546,479,0.9677675900478997,0.7486965653378512,32.17859673500061,
F04,2,5,400,217.0,0.0059426627380779065,976,0.8370032858949572,0.10219170708939915,57.12252926826477,
F04,2,6,480,500.0,0.005191570408575231,45,0.8,0.01,80.84758186340332,480
F04,3,1,80,11.2,0.002101739971061219,384,0.9006777856270111,0.9015037929203681,3.405283212661743,
F04,3,2,160,140.8,0.002101739971061219,384,0.9006777856270111,0.9015037929203681,7.0987608432769775,
F04,3,3,240,200.3,0.002101739971061219,384,0.9006777856270111,0.9015037929203681,18.37182116508484,
F04,3,4,320,256.1,0.0018166244182707323,216,0.962544419007622,0.8256807691954648,40.05255365371704,
F04,3,5,400,500.0,0.00010000000000662181,1024,0.800000445173861,0.9999999999997051,55.84139442443848,400
F04,4,1,80,10.7,0.00479163527195645,429,0.8198200869485056,0.9938947824129415,3.742640972137451,
F04,4,2,160,22.3,0.00479163527195645,429,0.8198200869485056,0.9938947824129415,6.672553777694702,
F04,4,3,240,139.0,0.00479163527195645,429,0.8198200869485056,0.9938947824129415,13.631027221679688,
F04,4,4,320,500.0,0.002364574740231676,417,0.9505509285088899,0.8101254125402948,33.53105068206787,320
F04,5,1,80,23.2,0.005515421084325117,211,0.8971752904101461,0.9170245314287235,4.334850072860718,
F04,5,2,160,33.8,0.005515421084325117,211,0.8971752904101461,0.9170245314287235,8.043918132781982,
F04,5,3,240,131.5,0.002437022718895007,1002,0.9546372769787779,0.11007954261055602,21.36431384086609,
F04,5,4,320,500.0,0.0043112903245770004,64,0.9450762544772564,0.47202422249038967,36.164209842681885,320
F04,6,1,80,11.3,0.006883764300318314,317,0.8290760198696742,0.444220078081033,3.2331972122192383,
F04,6,2,160,26.7,0.004876392353071911,881,0.989985468146178,0.8751661933278055,7.487986087799072,
F04,6,3,240,500.0,0.002944267982563451,782,0.8201701607935337,0.7698905029595735,17.8374445438385,240
F04,7,1,80,12.0,0.005399204021543168,34,0.9659627264814021,0.9172009757421202,4.0055577754974365,
F04,7,2,160,55.4,0.005399204021543168,34,0.9659627264814021,0.9172009757421202,7.327839374542236,
F04,7,3,240,379.0,0.009999999827970844,1024,0.998999998068957,0.010000035810671565,19.82018256187439,
F04,7,4,320,204.3,0.008394171852063963,597,0.9715528773113608,0.810408483242199,40.64591026306152,
F04,7,5,400,189.3,0.0001,1024,0.999,1.0,58.56749510765076,
F04,7,6,480,258.2,0.008394171852063963,597,0.9715528773113608,0.810408483242199,77.42658805847168,
F04,7,7,560,259.0,0.01,1024,0.8,1.0,97.45664310455322,
F04,7,8,640,264.3,0.01,16,0.999,0.01,112.7845733165741,
F04,7,9,720,127.6,0.006267744632341488,600,0.8839345071395998,0.7926611802536903,122.47699236869812,
F04,7,10,800,119.7,0.0032477487978354513,810,0.917577699605137,0.7503030673404376,135.24286150932312,
F04,7,11,880,151.5,0.0009218346090651051,427,0.8928747443040991,0.755676523027296,153.9281735420227,
F04,7,12,960,221.6,0.008967400017260102,692,0.9761350291627933,0.6754651435567492,170.4168083667755,
F04,7,13,1040,197.9,0.01,16,0.8,1.0,184.2248558998108,
F04,7,14,1120,158.3,0.0022795485836539973,643,0.9943808384304171,0.9148524405385813,198.91879630088806,
F04,7,15,1200,236.4,0.002065147759932918,372,0.9207723372817098,0.6048725174278472,217.0684540271759,
F04,7,16,1280,478.1,0.002065147759932918,372,0.9207723372817098,0.6048725174278472,230.5446527004242,
F04,7,17,1360,500.0,0.002065147759932918,372,0.9207723372817098,0.6048725174278472,246.20692324638367,1360
F04,8,1,80,21.6,0.0056800526241630594,778,0.9840639135398113,0.40672684745688703,3.552297592163086,
F04,8,2,160,145.8,0.0056800526241630594,778,0.9840639135398113,0.40672684745688703,7.4421069622039795,
F04,8,3,240,137.7,0.01,1024,0.8,0.01,21.31720519065857,
F04,8,4,320,379.6,0.004381374925359664,285,0.9610495365436472,0.7922501820866603,48.78805160522461,
F04,8,5,400,500.0,0.0015885645157986134,16,0.9376812154940072,0.739328164017914,69.27926254272461,400
F04,9,1,80,11.7,0.002038307700522075,422,0.9439963382696207,0.847949498883657,3.398219347000122,
F04,9,2,160,102.9,0.002038307700522075,422,0.9439963382696207,0.847949498883657,6.519331216812134,
F04,9,3,240,453.2,0.0049089431977518945,614,0.8161444393991061,0.38628779725041945,15.657089233398438,
F04,9,4,320,150.0,0.0001,16,0.8,0.01,37.35690760612488,
F04,9,5,400,227.9,0.00875866206396035,473,0.9862290743036354,0.8115682908002583,63.97118401527405,
F04,9,6,480,196.2,0.0001,16,0.8,1.0,80.2373538017273,
F04,9,7,560,359.6,0.01,92,0.9989999993995343,1.0,110.2598226070404,
F04,9,8,640,481.3,0.0001,16,0.999,1.0,124.84748721122742,
F04,9,9,720,500.0,0.0001,16,0.999,1.0,151.98504543304443,720
F04,10,1,80,14.8,0.009317628863253352,272,0.9234794024675074,0.09966565762913669,3.6238620281219482,
F04,10,2,160,17.2,0.00835206590312398,977,0.8355026678797769,0.6406746867137255,6.766113042831421,
F04,10,3,240,205.7,0.003318097448438684,123,0.8603205997045223,0.8102447480001672,17.736844062805176,
F04,10,4,320,216.9,0.003318097448438684,123,0.8603205997045223,0.8102447480001672,36.55587124824524,
F04,10,5,400,500.0,0.003318097448438684,123,0.8603205997045223,0.8102447480001672,54.5455436706543,400
F04,11,1,80,16.7,0.0024337116488139963,759,0.9335076271275847,0.9998418586545023,3.5275487899780273,
F04,11,2,160,206.5,0.003333611491055828,399,0.8839361489251119,0.27231001591373694,7.32699728012085,
F04,11,3,240,319.9,0.004353725357982644,350,0.8964155011084275,0.423940122376872,18.404627799987793,
F04,11,4,320,500.0,0.0001,1024,0.8,1.0,30.35886240005493,320
F04,12,1,80,12.9,0.002298577425255546,97,0.9703972691362982,0.30319756307392726,3.554367780685425,
F04,12,2,160,56.9,0.004888152409104434,486,0.9094253563592595,0.8621715556094618,6.89257550239563,
F04,12,3,240,500.0,0.007886687660629887,322,0.9108139519745003,0.27497411045925196,20.2568576335907,240
F04,13,1,80,12.8,0.006935679661485172,137,0.8184919456010654,0.10661624559398646,3.0578482151031494,
F04,13,2,160,45.0,0.0018045450000397157,396,0.8014323944244253,0.7638755529941771,6.20901083946228,
F04,13,3,240,96.2,0.0018045450000397157,396,0.8014323944244253,0.7638755529941771,11.693336009979248,
F04,13,4,320,476.6,0.005206431635104952,779,0.8834848355781085,0.4013630773706038,27.64892077445984,
F04,13,5,400,500.0,0.0037837662152562677,1024,0.9989999988234781,0.8947711745501143,51.32882571220398,400
F04,14,1,80,27.9,0.005225759679381504,372,0.8423477574728321,0.94412931278064,4.230506658554077,
F04,14,2,160,78.0,0.005225759679381504,372,0.8423477574728321,0.94412931278064,8.179108619689941,
F04,14,3,240,460.0,0.0001,1024,0.8,0.01,24.532136917114258,
F04,14,4,320,348.9,0.0001,1024,0.8,0.01,58.661274671554565,
F04,14,5,400,331.9,0.005969576998768216,69,0.8143644936154987,0.8472311975387182,79.73190188407898,
F04,14,6,480,275.6,0.004723633084644752,448,0.8580271969099208,0.7512464754157026,95.65303039550781,
F04,14,7,560,389.0,0.008433651761503685,208,0.8950528419345651,0.8632854112934982,110.10889959335327,
F04,14,8,640,403.2,0.004723633084644752,448,0.8580271969099208,0.7512464754157026,120.97854733467102,
F04,14,9,720,119.5,0.0030819149579102817,111,0.8212462197281971,0.8598420042901016,131.94776558876038,
F04,14,10,800,500.0,0.0027680760741393274,753,0.9566132091298236,0.8103413244450033,146.532860994339,800
F04,15,1,80,10.9,0.004052819072180777,100,0.973365698599701,0.9784593190725236,3.2733819484710693,
F04,15,2,160,500.0,0.004052819072180777,100,0.973365698599701,0.9784593190725236,8.679997682571411,160
F04,16,1,80,9.6,0.006282400032591567,588,0.9237966773837971,0.42595707713080605,3.051304340362549,
F04,16,2,160,18.2,0.007426806491826747,772,0.8461534492919802,0.9553134380873911,5.981732130050659,
F04,16,3,240,129.8,0.01,16,0.8,0.01,12.418858766555786,
F04,16,4,320,154.0,0.0001,1024,0.8,1.0,31.29534411430359,
F04,16,5,400,339.8,0.0069070374789069805,244,0.9923032222729534,0.5355735502015568,45.35055351257324,
F04,16,6,480,500.0,0.002212486556173724,958,0.8052676509798848,0.48620356353679356,68.32236075401306,480
F04,17,1,80,13.4,0.004877816265775529,282,0.8929774288903182,0.8491988428995477,3.5814599990844727,
F04,17,2,160,500.0,0.004877816265775529,282,0.8929774288903182,0.8491988428995477,7.403924226760864,160
F04,18,1,80,10.9,0.00853176592955431,595,0.8170324036280651,0.5061386671253311,3.396155834197998,
F04,18,2,160,44.2,0.00853176592955431,595,0.8170324036280651,0.5061386671253311,7.0699944496154785,
F04,18,3,240,482.3,0.0043229601323259296,327,0.8572417405026544,0.9229923536990575,16.25089740753174,
F04,18,4,320,370.8,0.003266586107636612,859,0.9787852562066033,0.4626484004283418,31.70292377471924,
F04,18,5,400,391.7,0.0043229601323259296,327,0.8572417405026544,0.9229923536990575,41.617767572402954,
F04,18,6,480,146.7,0.005779104620766498,61,0.9398048002901043,0.5989847865153368,51.40018653869629,
F04,18,7,560,500.0,0.0026200977151773913,740,0.999,0.01,89.81654167175293,560
F04,19,1,80,12.0,0.008247573045565698,689,0.8249145349865991,0.6977416440831655,3.671994209289551,
F04,19,2,160,94.3,0.008247573045565698,689,0.8249145349865991,0.6977416440831655,7.725555181503296,
F04,19,3,240,393.6,0.008247573045565698,689,0.8249145349865991,0.6977416440831655,24.711424589157104,
F04,19,4,320,233.7,0.0001,1024,0.8,0.01,60.42188858985901,
F04,19,5,400,248.3,0.0001,1024,0.8,0.01,116.21355438232422,
F04,19,6,480,208.9,0.005176350752576956,230,0.9698473014753096,0.8438684009309222,157.0168662071228,
F04,19,7,560,478.1,0.01,16,0.8,0.01,191.97386240959167,
F04,19,8,640,301.5,0.01,16,0.8,0.01,216.91692423820496,
F04,19,9,720,299.1,0.0002865345956515628,229,0.9146673220842672,0.8269432734356492,237.0435333251953,
F04,19,10,800,358.0,0.0002865345956515628,229,0.9146673220842672,0.8269432734356492,260.37695956230164,
F04,19,11,880,278.7,0.0017803783104219427,861,0.949019411437473,0.7633216503859491,294.4467558860779,
F04,19,12,960,500.0,0.0001,17,0.9204437884699237,0.7822522623534985,308.38410806655884,960
F04,20,1,80,12.3,0.00949591681043316,117,0.8190889779056177,0.3687409600188209,3.4290812015533447,
F04,20,2,160,97.5,0.0033568172151869817,922,0.8164649926929154,0.5365332861879123,6.613972902297974,
F04,20,3,240,341.2,0.01,1024,0.8,1.0,16.46633267402649,
F04,20,4,320,219.0,0.01,1024,0.8,1.0,35.89490842819214,
F04,20,5,400,399.8,0.0054605970352663395,460,0.8853875698539686,0.42230030455353723,71.19822335243225,
F04,20,6,480,181.7,0.0001,1024,0.8,0.01,97.41551113128662,
F04,20,7,560,194.1,0.0009553268992642147,16,0.9989999997806887,0.01,133.30867075920105,
F04,20,8,640,184.1,0.0001,1024,0.8,0.01,150.96505451202393,
F04,20,9,720,393.5,0.01,16,0.999,1.0,176.30232906341553,
F04,20,10,800,188.4,0.0001,584,0.8184384668160553,0.26362315207425896,213.4628827571869,
F04,20,11,880,276.2,0.0001,584,0.8184384668160553,0.26362315207425896,247.87469720840454,
F04,20,12,960,264.9,0.009265186945636977,386,0.9659927059079673,1.0,276.1422510147095,
F04,20,13,1040,300.9,0.008464391005867716,786,0.9429424292195188,0.03840042742459682,304.4624066352844,
F04,20,14,1120,176.9,0.0001,1024,0.8,0.01,342.3366515636444,
F04,20,15,1200,199.3,0.0001,1024,0.8,0.01,363.8466067314148,
F04,20,16,1280,231.5,0.0001,1024,0.8,0.01,382.4287724494934,
F04,20,17,1360,204.4,0.0001,1024,0.8,0.01,406.90180373191833,
F04,20,18,1440,253.1,0.0001,1024,0.8,0.01,430.6824038028717,
F04,20,19,1520,363.1,0.0058987820013033584,426,0.9284044387040405,0.6337726078542875,461.0345091819763,
F04,20,20,1600,320.7,0.0001,1024,0.8,0.01,491.7545964717865,
F04,20,21,1680,352.8,0.0020898770428954324,792,0.9925583293436522,0.9014987108126535,523.1625511646271,
F04,20,22,1760,381.7,0.0001,1024,0.8,0.01,549.9032006263733,
F04,20,23,1840,251.0,0.0001,1024,0.8,0.01,576.2006583213806,
F04,20,24,1920,251.2,0.0001,1024,0.8,0.01,609.7863528728485,
F04,20,25,2000,223.0,0.00010000001585820055,1024,0.998999999964013,0.9999999997250802,634.6304619312286,
F04,20,26,2080,241.4,0.0001,16,0.999,0.5186747584006799,657.4843916893005,
F04,20,27,2160,385.6,0.009425954286637696,158,0.8402746341796824,0.7199078082346231,668.8228969573975,
F04,20,28,2240,221.8,0.00010000001585820055,1024,0.998999999964013,0.9999999997250802,685.9571113586426,
F04,20,29,2320,223.8,0.00010000001585820055,1024,0.998999999964013,0.9999999997250802,702.9659299850464,
F04,20,30,2400,245.9,0.00010000001585820055,1024,0.998999999964013,0.9999999997250802,716.7551212310791,
F04,20,31,2480,311.7,0.00010000001585820055,1024,0.998999999964013,0.9999999997250802,726.6429395675659,
F04,20,32,2560,322.7,0.00010000001585820055,1024,0.998999999964013,0.9999999997250802,738.7881708145142,
F04,20,33,2640,293.5,0.00010000001585820055,1024,0.998999999964013,0.9999999997250802,758.8552477359772,
F04,20,34,2720,250.2,0.00010000001585820055,1024,0.998999999964013,0.9999999997250802,776.085985660553,
F04,20,35,2800,153.0,0.00010000001585820055,1024,0.998999999964013,0.9999999997250802,789.2530908584595,
F04,20,36,2880,204.8,0.00010000001585820055,1024,0.998999999964013,0.9999999997250802,804.0878527164459,
F04,20,37,2960,173.8,0.00010000001585820055,1024,0.998999999964013,0.9999999997250802,815.5420105457306,
F04,20,38,3040,224.9,0.00010000001585820055,1024,0.998999999964013,0.9999999997250802,828.194210767746,
F04,20,39,3120,171.9,0.007539782295405516,443,0.9340254476394563,0.8967458907307471,844.6615071296692,
F04,20,40,3200,222.1,0.00010000001585820055,1024,0.998999999964013,0.9999999997250802,858.9474830627441,
F04,20,41,3280,167.6,0.00010000001585820055,1024,0.998999999964013,0.9999999997250802,876.4761006832123,
F04,20,42,3360,181.8,0.00010000001585820055,1024,0.998999999964013,0.9999999997250802,898.9623930454254,
F04,20,43,3440,307.9,0.006578381772733113,285,0.8583810296738763,0.0642146375245909,925.3606169223785,
F04,20,44,3520,226.3,0.00010000001585820055,1024,0.998999999964013,0.9999999997250802,940.2516915798187,
F04,20,45,3600,228.6,0.00010000001585820055,1024,0.998999999964013,0.9999999997250802,969.7814831733704,
F04,20,46,3680,378.5,0.0063017319000388825,985,0.957603353523965,0.1141743450434159,992.0231392383575,
F04,20,47,3760,177.7,0.009819444226538243,656,0.8390712747484046,0.6104945652526345,1011.8180713653564,
F04,20,48,3840,277.7,0.0001,16,0.999,0.01,1028.812851190567,
F04,20,49,3920,280.4,0.008021737543754277,430,0.9787534351269324,0.2571549857804307,1058.9704730510712,
F04,20,50,4000,164.7,0.007915135906680191,647,0.9627905823505118,0.4331844930453576,1084.3989427089691,
F04,20,51,4080,129.3,0.002291504649770439,805,0.9735476795233913,0.011608548146090213,1117.220505475998,
F04,20,52,4160,218.3,0.0077396530113924295,839,0.9960938265569782,0.09334369901509303,1148.8116052150726,
F04,20,53,4240,159.9,0.0065540359595048165,881,0.9563742472426997,0.16435226548633722,1170.7093114852905,
F04,20,54,4320,206.9,0.009394090462557745,541,0.9139459527551231,0.9694356624506754,1193.7962744235992,
F04,20,55,4400,467.5,0.0012931325418520944,579,0.9858953612080615,0.8259969259292415,1218.5342004299164,
F04,20,56,4480,500.0,0.01,1024,0.9480631950492147,1.0,1237.4841573238373,4480
F04,21,1,80,17.4,0.006249406636321121,104,0.9752744789394726,0.6942644510234173,3.9987778663635254,
F04,21,2,160,99.6,0.005864856836489233,426,0.9975664858273493,0.626380195505265,8.105649709701538,
F04,21,3,240,423.3,0.005864856836489233,426,0.9975664858273493,0.626380195505265,19.7456476688385,
F04,21,4,320,500.0,0.01,1024,0.999,1.0,39.06379723548889,320
F04,22,1,80,14.5,0.0031031224692918465,305,0.8599744036926897,0.7200414432000163,4.045670986175537,
F04,22,2,160,47.7,0.008965190531990989,496,0.9035927263460362,0.5557025277174951,7.401733160018921,
F04,22,3,240,500.0,0.01,1024,0.999,1.0,17.99549412727356,240
F04,23,1,80,14.9,0.0092146970713041,181,0.9811512837059947,0.47304279377779446,3.9705209732055664,
F04,23,2,160,70.8,0.00813464254281067,507,0.9457714176577429,0.7737430208404298,8.154375314712524,
F04,23,3,240,500.0,0.00368781710540625,447,0.9698227371240583,0.30478020960673,18.922320127487183,240
F04,24,1,80,19.5,0.008482001484720543,87,0.9096088996943095,0.97584209060193,3.475879192352295,
F04,24,2,160,27.4,0.003939483262089496,346,0.8531233063610744,0.9737249041622207,6.907387018203735,
F04,24,3,240,500.0,0.00973987711463125,633,0.9958400655433113,0.3415664700073897,16.35040783882141,240
F04,25,1,80,50.6,0.006917502443938392,821,0.8062899738177769,0.43158510789488463,4.133617401123047,
F04,25,2,160,123.9,0.0072900115879408365,52,0.880875530090243,0.30706997807512815,8.137168645858765,
F04,25,3,240,404.0,0.009669884813363552,71,0.9263084326012769,0.32457352604577405,23.99576234817505,
F04,25,4,320,239.5,0.006917502443938392,821,0.8062899738177769,0.43158510789488463,46.11978197097778,
F04,25,5,400,500.0,0.009553040524556224,488,0.8996894102388956,0.7144393221618922,66.42362880706787,400
F04,26,1,80,11.4,0.009597965661443412,379,0.9729963437681655,0.8671981101685156,3.4475128650665283,
F04,26,2,160,42.9,0.006398816957595797,865,0.8769405565601851,0.6071858708328792,7.064570903778076,
F04,26,3,240,263.3,0.006398816957595797,865,0.8769405565601851,0.6071858708328792,23.214362382888794,
F04,26,4,320,168.0,0.006398816957595797,865,0.8769405565601851,0.6071858708328792,46.95046591758728,
F04,26,5,400,235.7,0.006398816957595797,865,0.8769405565601851,0.6071858708328792,68.80408787727356,
F04,26,6,480,374.5,0.00065570350433247,1024,0.999,1.0,86.72929430007935,
F04,26,7,560,330.4,0.00065570350433247,1024,0.999,1.0,101.99213409423828,
F04,26,8,640,500.0,0.0001,520,0.9986445054356695,1.0,116.55189275741577,640
F04,27,1,80,18.7,0.0036070095330357306,733,0.8210723417010588,0.9754803857391315,3.4649271965026855,
F04,27,2,160,17.2,0.0036070095330357306,733,0.8210723417010588,0.9754803857391315,6.848860025405884,
F04,27,3,240,238.7,0.0036070095330357306,733,0.8210723417010588,0.9754803857391315,15.119797945022583,
F04,27,4,320,500.0,0.007779212608698139,802,0.8585433096212217,0.04915814062695958,34.89333176612854,320
F04,28,1,80,13.6,0.002940105778750306,945,0.8696033754182555,0.2675935875461556,3.732642889022827,
F04,28,2,160,155.8,0.002940105778750306,945,0.8696033754182555,0.2675935875461556,7.985509157180786,
F04,28,3,240,206.5,0.002940105778750306,945,0.8696033754182555,0.2675935875461556,21.305066108703613,
F04,28,4,320,277.7,0.01,1024,0.999,0.01,46.01466774940491,
F04,28,5,400,500.0,0.01,1024,0.999,0.01,73.22815370559692,400
F04,29,1,80,10.4,0.006010187331949498,266,0.8703316483485491,0.27719622884429496,3.688131093978882,
F04,29,2,160,36.5,0.0037973355130819864,532,0.8476746567317709,0.32288901818850846,6.59959602355957,
F04,29,3,240,455.6,0.01,1024,0.8,1.0,14.601953983306885,
F04,29,4,320,433.1,0.01,1024,0.8,1.0,40.86224031448364,
F04,29,5,400,490.4,0.003420166967400548,234,0.8610393492200574,0.07378287108928311,66.80142974853516,
F04,29,6,480,172.0,0.002290249833252238,75,0.8772813016777867,0.42866800456718274,87.75306344032288,
F04,29,7,560,113.5,0.002330110129958251,747,0.9403657790040433,0.6129049518750372,100.03065896034241,
F04,29,8,640,196.0,0.002950928481515215,528,0.837017175612667,0.0941716010939224,113.03180861473083,
F04,29,9,720,219.9,0.009739870705871585,467,0.9800256530122726,0.35301319276199744,125.27406334877014,
F04,29,10,800,168.6,0.0009682392529883903,751,0.8781363974019221,0.7313716595587199,138.04756379127502,
F04,29,11,880,166.4,0.0009682392529883903,751,0.8781363974019221,0.7313716595587199,151.87212443351746,
F04,29,12,960,219.7,0.0024646703064795583,733,0.9906853830837937,0.7451329994692804,162.8820424079895,
F04,29,13,1040,142.9,0.0011182822272832245,247,0.8679275849936359,0.6034972458306446,179.63213896751404,
F04,29,14,1120,186.2,0.0024646703064795583,733,0.9906853830837937,0.7451329994692804,195.87582159042358,
F04,29,15,1200,351.5,0.00035700462118278654,371,0.8191811606487743,0.7358081050865799,213.99040865898132,
F04,29,16,1280,120.9,0.0011182822272832245,247,0.8679275849936359,0.6034972458306446,234.04478287696838,
F04,29,17,1360,127.1,0.00035700462118278654,371,0.8191811606487743,0.7358081050865799,244.3138871192932,
F04,29,18,1440,258.5,0.008624670958764786,149,0.8029643550884814,0.9814230700509902,261.7862195968628,
F04,29,19,1520,238.0,0.008624670958764786,149,0.8029643550884814,0.9814230700509902,273.1627061367035,
F04,29,20,1600,347.2,0.0001,1015,0.999,0.01,302.5154504776001,
F04,29,21,1680,240.2,0.0001857797590954882,182,0.9398431680493101,0.6873733960621624,323.47651386260986,
F04,29,22,1760,293.2,0.00010000790797152417,914,0.999,0.01000186811645102,343.9499955177307,
F04,29,23,1840,367.2,0.00014866285940359815,183,0.939457252860405,0.687101357115352,369.5672426223755,
F04,29,24,1920,285.2,0.00014866285940359815,183,0.939457252860405,0.687101357115352,385.2941598892212,
F04,29,25,2000,463.7,0.006978163424101262,1022,0.8483233750142813,0.35921314564776113,401.0406482219696,
F04,29,26,2080,261.5,0.00883308049938663,90,0.9002733187967911,0.7654214746514634,427.2349624633789,
F04,29,27,2160,248.2,0.0036385304087062954,143,0.8892676582427492,0.8564850250070277,448.34177803993225,
F04,29,28,2240,256.7,0.00154602774820008,366,0.8424123503514218,0.9646585632380316,465.28281331062317,
F04,29,29,2320,420.7,0.00043448471363698025,23,0.9376123541971755,0.5426199087934972,485.9205629825592,
F04,29,30,2400,217.1,0.00976862089534956,941,0.947200406307704,0.33098209548300006,500.8425533771515,
F04,29,31,2480,163.1,0.00011034229543973265,964,0.9988566668515804,0.010369438876329714,537.8598077297211,
F04,29,32,2560,457.5,0.00010472997067462571,978,0.998971755692571,0.010165506039664193,569.6053535938263,
F04,29,33,2640,314.2,0.0001,16,0.999,0.01,606.2892191410065,
F04,29,34,2720,450.7,0.00010472997067462571,978,0.998971755692571,0.010165506039664193,635.0674107074738,
F04,29,35,2800,336.0,0.0001,16,0.999,0.01,668.2878067493439,
F04,29,36,2880,500.0,0.0001,16,0.999,0.01,695.9002983570099,2880
F04,30,1,80,12.2,0.009348590274883982,471,0.8329277067521809,0.9148493834864855,3.9747626781463623,
F04,30,2,160,35.8,0.009348590274883982,471,0.8329277067521809,0.9148493834864855,7.017980098724365,
F04,30,3,240,153.6,0.009348590274883982,471,0.8329277067521809,0.9148493834864855,15.053207874298096,
F04,30,4,320,366.3,0.005492434038189531,337,0.939858076679895,0.301526179585437,25.751405239105225,
F04,30,5,400,359.8,0.0001,1024,0.8,1.0,40.78906726837158,
F04,30,6,480,452.1,0.0001,1024,0.8,1.0,57.09394884109497,
F04,30,7,560,337.7,0.002331462772779391,488,0.9988308785695643,0.9369525283376948,68.76770305633545,
F04,30,8,640,241.0,0.0001,958,0.9976924268995825,0.424687188830667,102.68567085266113,
F04,30,9,720,206.9,0.0001,958,0.9976924268995825,0.424687188830667,124.99827313423157,
F04,30,10,800,346.7,0.0021364815204785222,260,0.999,0.9551312307545823,141.01660251617432,
F04,30,11,880,234.4,0.003938766542544763,567,0.999,1.0,159.16352558135986,
F04,30,12,960,125.9,0.00401274338716224,589,0.9989929988610159,1.0,170.75624823570251,
F04,30,13,1040,211.5,0.01,1024,0.8,0.591335835612989,186.12528157234192,
F04,30,14,1120,226.5,0.0037327816396713247,356,0.9972283811790339,1.0,202.1344494819641,
F04,30,15,1200,227.8,0.002348557429515563,580,0.8,0.489801263126799,220.34150767326355,
F04,30,16,1280,207.3,0.002348557429515563,580,0.8,0.489801263126799,231.81305742263794,
F04,30,17,1360,116.0,0.0001,16,0.8,0.6912807447632972,243.31948804855347,
F04,30,18,1440,473.2,0.007243434718685784,280,0.9742282848585876,0.5243025165369947,258.5311629772186,
F04,30,19,1520,183.3,0.005363605276048506,789,0.91263998341647,0.7140586549913867,276.14681482315063,
F04,30,20,1600,150.8,0.0030620370672088033,719,0.8661973814464269,1.0,292.4183099269867,
F04,30,21,1680,212.7,0.0037633858373765073,763,0.9781363630560125,0.01,322.4340183734894,
F04,30,22,1760,374.2,0.0001,16,0.999,0.01,354.4366054534912,
F04,30,23,1840,500.0,0.007934839544172019,542,0.8685666902206308,0.5943820846168555,380.2208511829376,1840
F04,31,1,80,10.5,0.008143461231816118,456,0.8337196327019267,0.12444393196005758,3.826700448989868,
F04,31,2,160,24.2,0.0032832051062892517,447,0.8238680092218077,0.595919077092863,6.62886643409729,
F04,31,3,240,284.0,0.0032832051062892517,447,0.8238680092218077,0.595919077092863,14.061935901641846,
F04,31,4,320,500.0,0.01,1024,0.8,1.0,37.703142404556274,320
F04,32,1,80,11.3,0.005214984711883216,400,0.8929738226795941,0.5738380437324112,3.3211586475372314,
F04,32,2,160,13.0,0.005077524857532334,224,0.8858951081887934,0.05471326858082934,5.926462888717651,
F04,32,3,240,174.0,0.01,1024,0.8,0.01,13.007243633270264,
F04,32,4,320,163.3,0.003619899539222284,253,0.988140530691815,0.13567842919778453,41.189443826675415,
F04,32,5,400,500.0,0.007000664667659208,16,0.999,0.01,71.48135662078857,400
F04,33,1,80,13.0,0.007465885517732809,924,0.8027007034615126,0.7124646168314446,3.641179084777832,
F04,33,2,160,112.1,0.0071246377350350255,701,0.8707034459184415,0.6602294280035392,7.224579334259033,
F04,33,3,240,213.4,0.004365938491294322,343,0.8549552622208306,0.16095738274415555,14.899986267089844,
F04,33,4,320,285.6,0.0001,1024,0.999,0.01,49.506184816360474,
F04,33,5,400,209.1,0.0001,1024,0.999,0.01,88.96466445922852,
F04,33,6,480,232.2,0.009999955266943337,22,0.9845749502081595,0.9708959010258628,113.79842162132263,
F04,33,7,560,403.8,0.007831936315013728,543,0.8421436473229391,0.8765558090676356,124.88858079910278,
F04,33,8,640,128.4,0.007831936315013728,543,0.8421436473229391,0.8765558090676356,138.02810502052307,
F04,33,9,720,166.6,0.008271501511357566,102,0.8519396175737771,0.34848108614512124,159.52902269363403,
F04,33,10,800,142.7,0.009088874572175191,869,0.9485721625760996,0.9800816859799356,171.97937083244324,
F04,33,11,880,319.9,0.0001,1024,0.999,0.01,194.58417296409607,
F04,33,12,960,206.8,0.00010000008791120176,16,0.8,1.0,212.96429133415222,
F04,33,13,1040,139.0,0.0001,378,0.8,0.45108215182966865,226.39591765403748,
F04,33,14,1120,151.2,0.0001,378,0.8,0.45108215182966865,235.0112063884735,
F04,33,15,1200,219.9,0.0001,378,0.8,0.45108215182966865,262.3776333332062,
F04,33,16,1280,212.8,0.007812907099079818,536,0.8419751811410202,0.8794620402925653,274.6239056587219,
F04,33,17,1360,385.9,0.00034970609483907055,512,0.8042706049911446,0.4827277337998547,285.66519570350647,
F04,33,18,1440,272.1,0.007320605524984081,568,0.8406529937413226,0.91460259011502,300.4989011287689,
F04,33,19,1520,186.7,0.0001,378,0.8,0.45108215182966865,311.2683849334717,
F04,33,20,1600,165.0,0.0001,1024,0.9989999993998366,0.01,329.53933215141296,
F04,33,21,1680,171.5,0.0001,1024,0.8602712738215741,1.0,345.43837213516235,
F04,33,22,1760,409.7,0.0001,1024,0.8602712738215741,1.0,372.08916878700256,
F04,33,23,1840,500.0,0.0001,1024,0.8602712738215741,1.0,393.23786759376526,1840
F04,34,1,80,23.2,0.007157783223335538,553,0.8755133781608745,0.44706761253982014,4.4809980392456055,
F04,34,2,160,23.2,0.0058334604423510225,579,0.9425691398247149,0.49603024178033156,6.824907064437866,
F04,34,3,240,262.2,0.0001,1024,0.999,0.01,18.332342624664307,
F04,34,4,320,500.0,0.0059976046725340815,497,0.851173864437609,0.7457229700644084,49.205373764038086,320
F04,35,1,80,35.2,0.006140247437644507,533,0.8576451935850391,0.49292278332131134,3.68070650100708,
F04,35,2,160,60.0,0.009817333069505635,228,0.9746502834935792,0.9465227593240952,6.999347686767578,
F04,35,3,240,166.7,0.0001,1024,0.999,1.0,15.276582717895508,
F04,35,4,320,203.8,0.00020649599540997483,1024,0.8,0.010000000044140747,33.85959815979004,
F04,35,5,400,168.6,0.006140247437644507,533,0.8576451935850391,0.49292278332131134,65.65689063072205,
F04,35,6,480,252.9,0.006140247437644507,533,0.8576451935850391,0.49292278332131134,79.81002283096313,
F04,35,7,560,201.1,0.0001,16,0.999,1.0,95.53065276145935,
F04,35,8,640,246.0,0.0001,16,0.999,1.0,111.8605751991272,
F04,35,9,720,321.3,0.0001,16,0.999,1.0,123.29720711708069,
F04,35,10,800,394.8,0.0016555548608383197,373,0.9742859204668943,0.8970777460402687,147.5157914161682,
F04,35,11,880,281.2,0.0001,1024,0.8,1.0,160.7138843536377,
F04,35,12,960,348.7,0.005648653968663355,435,0.8053147806437592,0.583238197240283,181.23710536956787,
F04,35,13,1040,364.1,0.005648653968663355,435,0.8053147806437592,0.583238197240283,199.321692943573,
F04,35,14,1120,459.2,0.005648653968663355,435,0.8053147806437592,0.583238197240283,216.50713086128235,
F04,35,15,1200,231.6,0.0001,16,0.999,1.0,242.2948498725891,
F04,35,16,1280,211.5,0.0001,1024,0.9132840822558121,0.01,276.88459968566895,
F04,35,17,1360,253.1,0.0027852777956469824,349,0.9974719173569258,0.826714950496989,306.1162257194519,
F04,35,18,1440,500.0,0.0030226415640378992,315,0.9983873535949568,0.9983552927199049,324.1399562358856,1440
F04,36,1,80,18.8,0.006347788566611147,576,0.8868254181575437,0.6705672372258685,3.800601005554199,
F04,36,2,160,80.3,0.004782922029311447,236,0.895099254481272,0.953930023106229,6.932615280151367,
F04,36,3,240,500.0,0.00041949475547121116,63,0.8853237565834321,0.50582800219673,21.252992630004883,240
F04,37,1,80,10.1,0.007758853587300599,192,0.9787200289452214,0.7575717851736221,4.022514343261719,
F04,37,2,160,30.9,0.009671721948068616,384,0.8519598198550897,0.3071014949431882,6.329405307769775,
F04,37,3,240,500.0,0.009671721948068616,384,0.8519598198550897,0.3071014949431882,15.913044929504395,240
F04,38,1,80,15.9,0.004551780893554252,593,0.9723028583024518,0.4031637948587845,3.968055009841919,
F04,38,2,160,35.6,0.004551780893554252,593,0.9723028583024518,0.4031637948587845,7.049368858337402,
F04,38,3,240,500.0,0.007498044428892468,105,0.9138270043929189,0.4745287643800758,17.901762008666992,240
F04,39,1,80,10.8,0.00925547351990519,883,0.8982019760311328,0.9601025994980298,3.695592164993286,
F04,39,2,160,500.0,0.005841584043723245,118,0.8058905002472022,0.6764049132635132,8.637948036193848,160
F04,40,1,80,16.5,0.009793080530274296,693,0.8337964620678678,0.5193089861040254,3.5166079998016357,
F04,40,2,160,13.1,0.004181664604972707,629,0.9490136049728966,0.2753965605077577,5.758165121078491,
F04,40,3,240,105.0,0.004181664604972707,629,0.9490136049728966,0.2753965605077577,14.402097940444946,
F04,40,4,320,500.0,0.003623909335110313,217,0.9698325022461995,0.4455374541679223,28.65546178817749,320
F04,41,1,80,12.2,0.007721951394967823,105,0.9985731793039526,0.5510284051100103,4.372806787490845,
F04,41,2,160,13.2,0.007721951394967823,105,0.9985731793039526,0.5510284051100103,6.527914762496948,
F04,41,3,240,80.9,0.009999994069596735,1024,0.999,0.01,17.7791850566864,
F04,41,4,320,250.8,0.005599245145239485,350,0.8978234592249617,0.8625708490173718,36.96163749694824,
F04,41,5,400,500.0,0.01,1024,0.999,0.01,64.05120038986206,400
F04,42,1,80,12.9,0.001373889965421975,586,0.8459553402134391,0.9656657333992131,4.1162073612213135,
F04,42,2,160,21.7,0.00860898947509764,675,0.9151351146292086,0.29946055075194616,7.260122537612915,
F04,42,3,240,500.0,0.003141351883717769,108,0.8217080880138508,0.2877693707065718,18.690804481506348,240
F04,43,1,80,17.2,0.00593987940210587,792,0.9504547550813189,0.5797308449624458,3.6650707721710205,
F04,43,2,160,58.8,0.00593987940210587,792,0.9504547550813189,0.5797308449624458,6.772852182388306,
F04,43,3,240,207.9,0.0001,1024,0.999,1.0,17.473179578781128,
F04,43,4,320,414.9,0.01,1024,0.999,1.0,43.367411851882935,
F04,43,5,400,367.8,0.0001,1024,0.999,1.0,64.23063278198242,
F04,43,6,480,365.2,0.0001,1024,0.999,1.0,80.11274194717407,
F04,43,7,560,422.9,0.0001,1024,0.999,1.0,97.94953441619873,
F04,43,8,640,329.4,0.0001,1024,0.999,1.0,114.60077095031738,
F04,43,9,720,392.1,0.0001,1024,0.999,1.0,137.2852864265442,
F04,43,10,800,402.1,0.0001,1024,0.999,1.0,162.29708766937256,
F04,43,11,880,343.9,0.0001,1024,0.999,1.0,177.45521712303162,
F04,43,12,960,291.3,0.0001,1024,0.999,1.0,197.04183888435364,
F04,43,13,1040,354.3,0.00023579961274947076,362,0.8526485267278008,0.9150867569952693,210.08330607414246,
F04,43,14,1120,404.4,0.00023579961274947076,362,0.8526485267278008,0.9150867569952693,225.66192603111267,
F04,43,15,1200,427.2,0.00023579961274947076,362,0.8526485267278008,0.9150867569952693,244.78124332427979,
F04,43,16,1280,358.0,0.00023579961274947076,362,0.8526485267278008,0.9150867569952693,258.92853355407715,
F04,43,17,1360,354.3,0.00023579961274947076,362,0.8526485267278008,0.9150867569952693,273.9956829547882,
F04,43,18,1440,452.8,0.006741624408257987,267,0.9594781015716709,0.9404930378894377,287.9441587924957,
F04,43,19,1520,420.3,0.009999999103930948,16,0.9989999620449662,1.0,301.9957592487335,
F04,43,20,1600,305.9,0.01,1024,0.8,1.0,313.8038215637207,
F04,43,21,1680,311.4,0.0004690256495535874,463,0.806568769573918,0.8945229331838702,327.8734471797943,
F04,43,22,1760,500.0,0.006688160783207088,943,0.9488199131319309,0.931606418117948,350.1467146873474,1760
F04,44,1,80,26.1,0.002989634345585975,243,0.8248959367921715,0.2173309032329206,4.315434455871582,
F04,44,2,160,44.9,0.004414633464523299,804,0.8751208329869371,0.7337471378968526,7.064878702163696,
F04,44,3,240,459.9,0.004113878718178968,863,0.9294827685892103,0.582654612263303,20.84511160850525,
F04,44,4,320,382.3,0.0005970179373949927,467,0.8348493027901743,0.9899652560444689,37.829506635665894,
F04,44,5,400,500.0,0.006774941595286227,661,0.9013314644778169,0.7134822446483797,51.1967568397522,400
F04,45,1,80,11.9,0.006300518588495525,942,0.9416722381472675,0.8261756652354636,3.925522804260254,
F04,45,2,160,20.2,0.006300518588495525,942,0.9416722381472675,0.8261756652354636,7.190954685211182,
F04,45,3,240,133.6,0.006811539928886391,367,0.8014990842926596,0.25022626312056157,19.546262741088867,
F04,45,4,320,245.8,0.0001,16,0.800000000733105,0.01,35.77572417259216,
F04,45,5,400,500.0,0.005776975962973747,64,0.9905832474843316,0.7709461288693302,62.57046961784363,400
F04,46,1,80,12.6,0.008762773975124974,95,0.9001212590338639,0.2501311247989679,3.6669299602508545,
F04,46,2,160,79.2,0.008900112470964974,182,0.9376435515590074,0.6994094188387241,7.137436389923096,
F04,46,3,240,393.6,0.009141215762991397,809,0.9413072883570617,0.03253937670720057,16.936517477035522,
F04,46,4,320,316.4,0.008900112470964974,182,0.9376435515590074,0.6994094188387241,38.62480092048645,
F04,46,5,400,500.0,0.0001,1024,0.8,1.0,54.94285273551941,400
F04,47,1,80,59.3,0.0004887280627566369,225,0.9469731996028308,0.07348108627960084,3.921541929244995,
F04,47,2,160,25.0,0.009371136080165812,863,0.9733390260464682,0.6549134936070842,6.470477104187012,
F04,47,3,240,205.6,0.00844262343877776,974,0.9830988608745301,0.9875056552431691,17.916877269744873,
F04,47,4,320,169.2,0.0011179854994340648,460,0.9108776404438137,0.6450684628425408,33.871888637542725,
F04,47,5,400,382.6,0.0043098885579850475,806,0.9838928339362665,0.4798682903471021,47.882840633392334,
F04,47,6,480,500.0,0.0043098885579850475,806,0.9838928339362665,0.4798682903471021,71.48519849777222,480
F04,48,1,80,20.3,0.009963780190221446,901,0.9033544154968366,0.9605456980615109,4.3580732345581055,
F04,48,2,160,85.8,0.009167828115336093,156,0.9241132153893373,0.9103993834478878,8.32141923904419,
F04,48,3,240,188.0,0.009963780190221446,901,0.9033544154968366,0.9605456980615109,18.22708511352539,
F04,48,4,320,324.1,0.009770240781718592,1024,0.9339406566572033,0.705071190526773,32.7536780834198,
F04,48,5,400,260.8,0.009770240781718592,1024,0.9339406566572033,0.705071190526773,52.30213642120361,
F04,48,6,480,166.1,0.0005635211750953537,56,0.9900079814990463,0.799007780362969,65.68741822242737,
F04,48,7,560,388.7,0.0005635211750953537,56,0.9900079814990463,0.799007780362969,79.2085189819336,
F04,48,8,640,231.9,0.0005635211750953537,56,0.9900079814990463,0.799007780362969,97.08436226844788,
F04,48,9,720,268.2,0.0001,16,0.8,1.0,112.36897873878479,
F04,48,10,800,155.6,0.00017994832731056356,225,0.9943530719354705,0.5618328195006865,123.07017588615417,
F04,48,11,880,278.5,0.00017994832731056356,225,0.9943530719354705,0.5618328195006865,141.84606552124023,
F04,48,12,960,208.2,0.008850370843424406,883,0.860778586095792,0.7389246036096613,153.35611748695374,
F04,48,13,1040,165.0,0.00080636496765534,715,0.9554752789653121,0.10535030715350306,175.35283160209656,
F04,48,14,1120,143.6,0.004260223364350539,1024,0.999,0.6431356655945807,192.9497082233429,
F04,48,15,1200,361.5,0.004260223364350539,1024,0.999,0.6431356655945807,207.93592023849487,
F04,48,16,1280,258.1,0.0005280725285555188,763,0.9537184491882083,0.7529935376399476,237.02586722373962,
F04,48,17,1360,327.8,0.009404078912384083,546,0.9835773659768108,0.27269385003026103,250.16959691047668,
F04,48,18,1440,307.3,0.01,1024,0.8,0.01,267.24883484840393,
F04,48,19,1520,453.3,0.0015736274858149225,954,0.8361176605657966,0.9167115791475176,286.0591793060303,
F04,48,20,1600,500.0,0.0001,16,0.999,0.01,304.96601271629333,1600
F04,49,1,80,10.5,0.007768859408687788,187,0.9322462974307781,0.18287160680666723,3.5970425605773926,
F04,49,2,160,29.1,0.0037060493263963846,455,0.8076953737701207,0.8830442163576844,6.593278646469116,
F04,49,3,240,126.6,0.01,1024,0.8,1.0,11.840747356414795,
F04,49,4,320,415.4,0.004208588913162762,226,0.8141223848706675,0.26745078473913686,21.90202498435974,
F04,49,5,400,480.4,0.0001,1024,0.9770490365697002,0.01,47.971452951431274,
F04,49,6,480,413.7,0.0061700757553628536,639,0.9240121307567821,0.7293327844898146,75.28310179710388,
F04,49,7,560,455.4,0.0030139760554128456,593,0.95865736627998,0.5543342038728499,93.39788007736206,
F04,49,8,640,500.0,0.00235154810325721,24,0.9672000396889299,0.06062241403782539,112.95130395889282,640
F04,50,1,80,10.1,0.002090641784335749,481,0.9099680905953639,0.4764296305509037,4.154666185379028,
F04,50,2,160,35.5,0.002090641784335749,481,0.9099680905953639,0.4764296305509037,6.948452949523926,
F04,50,3,240,164.9,0.006602191228948452,910,0.8918072592545727,0.8099384433891124,18.81019377708435,
F04,50,4,320,500.0,0.0001,16,0.8,1.0,31.792787075042725,320
F04,51,1,80,33.5,0.0009911195590500232,425,0.9657309072065206,0.6020319564477428,3.327439546585083,
F04,51,2,160,500.0,0.0033653457226541137,967,0.82101502867207,0.6738777465020958,8.760725498199463,160
F04,52,1,80,27.6,0.005625702381965455,201,0.8456481493285689,0.8794617179862146,4.289614677429199,
F04,52,2,160,80.4,0.00844315481339549,978,0.9157325771054364,0.30105952511532935,9.133756160736084,
F04,52,3,240,265.9,0.0001,16,0.8,0.01,18.839102268218994,
F04,52,4,320,215.7,0.0001,16,0.8,0.01,35.317323446273804,
F04,52,5,400,288.9,0.0001,16,0.8,0.01,57.178335189819336,
F04,52,6,480,296.1,0.0001,1024,0.999,1.0,80.46411776542664,
F04,52,7,560,500.0,0.0001,1024,0.999,1.0,123.2360167503357,560
F04,53,1,80,10.6,0.005888736818390308,172,0.8961807395831296,0.6544331621282504,4.415974140167236,
F04,53,2,160,84.7,0.009471360653535493,167,0.975994789089268,0.7552421198042801,7.330077648162842,
F04,53,3,240,226.9,0.009471360653535493,167,0.975994789089268,0.7552421198042801,21.015487670898438,
F04,53,4,320,230.8,0.01,260,0.9915403085675019,0.9159382329629077,34.289506912231445,
F04,53,5,400,500.0,0.01,260,0.9915403085675019,0.9159382329629077,53.82252240180969,400
F04,54,1,80,11.1,0.0020046290805719653,694,0.8187297964213638,0.5109728816434245,4.560838222503662,
F04,54,2,160,30.9,0.007379992596475859,366,0.9865956880860438,0.9615050100147295,7.383852243423462,
F04,54,3,240,500.0,0.005058849118305388,552,0.9255401207037037,0.8203688676199392,18.114195108413696,240
F04,55,1,80,12.6,0.00246964810159196,751,0.9623541900811441,0.9963428818088411,4.576318740844727,
F04,55,2,160,74.2,0.00246964810159196,751,0.9623541900811441,0.9963428818088411,7.901438474655151,
F04,55,3,240,249.6,0.0023745951771165625,681,0.8280460834264539,0.45952184214738784,17.128962755203247,
F04,55,4,320,500.0,0.0007988038008138283,407,0.8252560639258238,0.17757518845396078,36.39202570915222,320
F04,56,1,80,14.5,0.007934459347975181,992,0.8419069481207286,0.7525019261745562,3.8899149894714355,
F04,56,2,160,144.5,0.007934459347975181,992,0.8419069481207286,0.7525019261745562,7.601904392242432,
F04,56,3,240,160.9,0.0001,1024,0.999,1.0,18.80636954307556,
F04,56,4,320,219.9,0.0003004394099338875,44,0.9451320034947771,0.9988351107074717,37.14810490608215,
F04,56,5,400,420.7,0.0003004394099338875,44,0.9451320034947771,0.9988351107074717,70.54601573944092,
F04,56,6,480,468.4,0.0003004394099338875,44,0.9451320034947771,0.9988351107074717,110.68449330329895,
F04,56,7,560,456.2,0.008357084488541609,1024,0.8,0.9534246608253414,275.05256271362305,
F04,56,8,640,401.5,0.0003004394099338875,44,0.9451320034947771,0.9988351107074717,292.83390951156616,
F04,56,9,720,437.1,0.0019658283237129915,94,0.993852128418104,0.6738009670099486,304.84182810783386,
F04,56,10,800,480.8,0.0003004394099338875,44,0.9451320034947771,0.9988351107074717,315.33378982543945,
F04,56,11,880,500.0,0.0003004394099338875,44,0.9451320034947771,0.9988351107074717,332.4625141620636,880
F04,57,1,80,23.8,0.009825100885723529,877,0.8752694582840658,0.571220220440927,3.107496976852417,
F04,57,2,160,121.1,0.009825100885723529,877,0.8752694582840658,0.571220220440927,6.479088544845581,
F04,57,3,240,500.0,0.009825100885723529,877,0.8752694582840658,0.571220220440927,20.675945281982422,240
F04,58,1,80,12.6,0.00836520358046025,713,0.8323239446138402,0.545500117101027,3.170182943344116,
F04,58,2,160,11.7,0.00836520358046025,713,0.8323239446138402,0.545500117101027,5.803863763809204,
F04,58,3,240,14.0,0.00836520358046025,713,0.8323239446138402,0.545500117101027,10.620539665222168,
F04,58,4,320,142.8,0.01,16,0.999,1.0,15.969367027282715,
F04,58,5,400,311.1,0.00517859266384396,50,0.8388868084823486,0.8900331569806156,31.89506196975708,
F04,58,6,480,124.6,0.00791269717197188,952,0.9887730744556424,0.15545540566795937,47.142436265945435,
F04,58,7,560,358.2,0.00517859266384396,50,0.8388868084823486,0.8900331569806156,67.12947511672974,
F04,58,8,640,500.0,0.006356840920830871,879,0.9347600052996383,0.7005194771410816,90.33959627151489,640
F04,59,1,80,22.7,0.005509842747250647,585,0.8820023931446803,0.2793281166905789,3.467439889907837,
F04,59,2,160,21.0,0.005509842747250647,585,0.8820023931446803,0.2793281166905789,6.314112901687622,
F04,59,3,240,194.8,0.0019286119414125133,408,0.910110731829222,0.8017247729949984,13.349876403808594,
F04,59,4,320,251.3,0.0001,1024,0.999,0.01,26.937679290771484,
F04,59,5,400,500.0,0.01,1024,0.999,1.0,49.12742257118225,400
F04,60,1,80,11.5,0.009334873064108457,558,0.9567645358433776,0.6809566805093435,3.2415459156036377,
F04,60,2,160,38.9,0.008993645892190434,620,0.9253587204132009,0.714842645383827,6.991884708404541,
F04,60,3,240,185.5,0.007235806611163411,31,0.8767948404027117,0.4299844120121531,16.609163522720337,
F04,60,4,320,500.0,0.0001,1024,0.999,0.01,37.56637406349182,320
F04,61,1,80,114.0,0.0054728111070990225,214,0.864506977948865,0.5250479001028711,3.7150933742523193,
F04,61,2,160,12.4,0.0054728111070990225,214,0.864506977948865,0.5250479001028711,6.002405166625977,
F04,61,3,240,166.7,0.0054728111070990225,214,0.864506977948865,0.5250479001028711,15.767428159713745,
F04,61,4,320,186.9,0.008101307437988384,538,0.9649555043920405,0.6431321015375453,26.709686994552612,
F04,61,5,400,500.0,0.008274547517788621,399,0.88446696827279,0.7422028786908887,37.49591279029846,400
